filename,predicted_label,score,ground_truth
img_001.jpg,raised,0.501917,raised
img_002.jpg,lowered,0.283769,raised
img_003.jpg,lowered,0.319694,raised
img_004.jpg,lowered,0.350215,raised
img_005.jpg,lowered,0.306588,raised
img_006.jpg,lowered,0.270807,raised
img_007.jpg,lowered,0.352080,raised
img_008.jpg,lowered,0.333198,raised
img_009.jpg,raised,0.443116,raised
img_010.jpg,raised,0.756736,raised
img_011.jpg,lowered,0.365754,raised
img_012.jpg,lowered,0.281638,raised
img_013.jpg,lowered,0.313049,raised
img_014.jpg,raised,0.580630,raised
img_015.jpg,lowered,0.380394,raised
img_016.jpg,lowered,0.386590,raised
img_018.jpg,raised,0.518465,raised
img_019.jpg,raised,0.580970,raised
img_020.jpg,lowered,0.292094,raised
img_021.jpg,lowered,0.275797,raised
img_022.jpg,lowered,0.314092,raised
img_023.jpg,lowered,0.404167,raised
img_024.jpg,raised,0.760713,raised
img_025.jpg,raised,0.733178,raised
img_026.jpg,raised,0.526530,raised
img_027.jpg,lowered,0.351395,raised
img_028.jpg,lowered,0.207463,raised
img_029.jpg,lowered,0.230392,raised
img_030.jpg,lowered,0.253924,raised
img_031.jpg,lowered,0.301867,raised
img_032.jpg,lowered,0.304819,raised
img_033.jpg,lowered,0.356260,raised
img_034.jpg,lowered,0.287521,raised
img_035.jpg,lowered,0.298809,raised
img_036.jpg,lowered,0.299287,raised
img_037.jpg,lowered,0.233394,raised
img_038.jpg,lowered,0.267450,raised
img_039.jpg,lowered,0.263930,raised
img_040.jpg,lowered,0.321257,raised
img_041.jpg,lowered,0.403517,raised
img_042.jpg,lowered,0.199306,raised
img_043.jpg,lowered,0.234565,raised
img_044.jpg,lowered,0.237093,raised
img_045.jpg,lowered,0.207099,raised
img_046.jpg,lowered,0.382019,raised
img_047.jpg,lowered,0.198407,raised
img_048.jpg,lowered,0.286547,raised
img_049.jpg,lowered,0.228011,raised
img_050.jpg,lowered,0.218929,raised
img_051.jpg,lowered,0.347415,raised
img_052.jpg,lowered,0.374727,raised
img_053.jpg,lowered,0.250204,raised
img_054.jpg,lowered,0.281315,raised
img_055.jpg,lowered,0.406124,raised
img_056.jpg,lowered,0.387336,raised
img_057.jpg,lowered,0.348140,raised
img_058.jpg,lowered,0.373192,raised
img_059.jpg,raised,0.426106,raised
img_060.jpg,lowered,0.401249,raised
img_061.jpg,lowered,0.236721,raised
img_062.jpg,lowered,0.340348,raised
img_063.jpg,lowered,0.396018,raised
img_064.jpg,lowered,0.269401,raised
img_065.jpg,lowered,0.277026,raised
img_066.jpg,lowered,0.269975,raised
img_067.jpg,lowered,0.321354,raised
img_068.jpg,lowered,0.267523,raised
img_069.jpg,lowered,0.224310,raised
img_071.jpg,lowered,0.375035,raised
img_072.jpg,raised,0.481770,raised
img_073.jpg,lowered,0.239287,raised
img_074.jpg,raised,0.519009,raised
img_075.jpg,raised,0.449878,raised
img_076.jpg,lowered,0.356146,raised
img_077.jpg,lowered,0.329533,raised
img_078.jpg,lowered,0.366766,raised
img_079.jpg,lowered,0.320942,raised
img_080.jpg,raised,0.488916,raised
img_082.jpg,lowered,0.372162,raised
img_083.jpg,lowered,0.235603,raised
img_084.jpg,lowered,0.352590,raised
img_085.jpg,lowered,0.339976,raised
img_087.jpg,raised,0.448614,raised
img_088.jpg,lowered,0.195232,raised
img_089.jpg,lowered,0.182120,raised
img_090.jpg,lowered,0.241039,raised
img_091.jpg,raised,0.461759,raised
img_092.jpg,lowered,0.335071,raised
img_093.jpg,lowered,0.212652,raised
img_094.jpg,lowered,0.362255,raised
img_095.jpg,lowered,0.358040,raised
img_096.jpg,lowered,0.349310,raised
img_098.jpg,lowered,0.353584,raised
img_099.jpg,raised,0.456500,raised
img_100.jpg,raised,0.498014,raised
img_101.jpg,raised,0.639366,raised
img_102.jpg,lowered,0.282037,raised
img_103.jpg,raised,0.817782,raised
img_105.jpg,lowered,0.236012,raised
img_106.jpg,lowered,0.312636,raised
img_107.jpg,lowered,0.231352,raised
img_108.jpg,lowered,0.214796,raised
img_110.jpg,raised,0.624684,raised
img_111.jpg,lowered,0.252577,raised
img_112.jpg,lowered,0.254885,raised
img_113.jpg,lowered,0.381967,raised
img_114.jpg,lowered,0.321554,raised
img_115.jpg,lowered,0.194724,raised
img_116.jpg,lowered,0.301586,raised
img_117.jpg,lowered,0.306677,raised
img_118.jpg,lowered,0.319796,raised
img_119.jpg,lowered,0.260763,raised
img_120.jpg,lowered,0.240129,raised
img_121.jpg,lowered,0.302641,raised
img_123.jpg,lowered,0.225041,raised
img_124.jpg,lowered,0.213729,raised
img_125.jpg,lowered,0.266202,raised
img_126.jpg,lowered,0.195818,raised
img_127.jpg,raised,0.520744,raised
img_128.jpg,lowered,0.184383,raised
img_130.jpg,lowered,0.337171,raised
img_131.jpg,lowered,0.282570,raised
img_132.jpg,raised,0.591786,raised
img_133.jpg,lowered,0.342773,raised
img_134.jpg,lowered,0.340802,raised
img_135.jpg,raised,0.648782,raised
img_136.jpg,lowered,0.340115,raised
img_137.jpg,lowered,0.286136,raised
img_138.jpg,lowered,0.247452,raised
img_139.jpg,lowered,0.336960,raised
img_140.jpg,lowered,0.297500,raised
img_142.jpg,lowered,0.341936,raised
img_145.jpg,lowered,0.363432,raised
img_146.jpg,lowered,0.298996,raised
img_147.jpg,lowered,0.193909,raised
img_148.jpg,raised,0.465976,raised
img_149.jpg,lowered,0.327535,raised
img_150.jpg,lowered,0.267541,raised
img_151.jpg,raised,0.852134,raised
img_152.jpg,raised,0.739584,raised
img_153.jpg,lowered,0.346233,raised
img_155.jpg,raised,0.446889,raised
img_156.jpg,lowered,0.274955,raised
img_157.jpg,lowered,0.280028,raised
img_158.jpg,lowered,0.296613,raised
img_160.jpg,lowered,0.322173,raised
img_161.jpg,lowered,0.297941,raised
img_162.jpg,raised,0.569561,raised
img_163.jpg,lowered,0.258566,raised
img_164.jpg,lowered,0.245994,raised
img_165.jpg,lowered,0.291845,raised
img_167.jpg,lowered,0.392303,raised
img_168.jpg,lowered,0.293973,raised
img_169.jpg,lowered,0.320341,raised
img_170.jpg,lowered,0.259206,raised
img_171.jpg,lowered,0.280550,raised
img_172.jpg,lowered,0.314144,raised
img_173.jpg,lowered,0.274838,raised
img_174.jpg,lowered,0.288760,raised
img_175.jpg,lowered,0.306257,raised
img_176.jpg,lowered,0.314410,raised
img_177.jpg,lowered,0.323255,raised
img_178.jpg,lowered,0.316417,raised
img_179.jpg,lowered,0.348180,raised
img_180.jpg,lowered,0.269517,raised
img_181.jpg,lowered,0.382953,raised
img_182.jpg,lowered,0.247638,raised
img_183.jpg,raised,0.459351,raised
img_184.jpg,lowered,0.252858,raised
img_185.jpg,lowered,0.207032,raised
img_186.jpg,raised,0.521728,raised
img_187.jpg,raised,0.542613,raised
img_188.jpg,raised,0.476036,raised
img_189.jpg,lowered,0.279755,raised
img_190.jpg,raised,0.582954,raised
img_191.jpg,raised,0.436071,raised
img_192.jpg,raised,0.528924,raised
img_193.jpg,raised,0.569274,raised
img_194.jpg,lowered,0.236427,raised
img_195.jpg,raised,0.510806,raised
img_196.jpg,raised,0.475128,raised
img_197.jpg,lowered,0.294158,raised
img_198.jpg,lowered,0.308791,raised
img_199.jpg,lowered,0.331657,raised
img_200.jpg,lowered,0.279075,raised
img_201.jpg,raised,0.807370,raised
img_202.jpg,lowered,0.412672,raised
img_203.jpg,lowered,0.281220,raised
img_204.jpg,raised,0.508442,raised
img_205.jpg,lowered,0.368133,raised
img_206.jpg,lowered,0.279916,raised
img_207.jpg,raised,0.573975,raised
img_208.jpg,lowered,0.352924,raised
img_209.jpg,raised,0.481161,raised
img_210.jpg,lowered,0.303632,raised
img_211.jpg,lowered,0.265696,raised
img_212.jpg,lowered,0.321764,raised
img_213.jpg,raised,0.421588,raised
img_214.jpg,lowered,0.419230,raised
img_215.jpg,lowered,0.255111,raised
img_216.jpg,lowered,0.351830,raised
img_217.jpg,lowered,0.269400,raised
img_218.jpg,lowered,0.293440,raised
img_219.jpg,lowered,0.279437,raised
img_220.jpg,lowered,0.268237,raised
img_221.jpg,lowered,0.290977,raised
img_224.jpg,lowered,0.195081,raised
img_225.jpg,lowered,0.196083,raised
img_226.jpg,lowered,0.242407,raised
img_227.jpg,lowered,0.345495,raised
img_228.jpg,lowered,0.288387,raised
img_229.jpg,lowered,0.327691,raised
img_232.jpg,lowered,0.202142,raised
img_233.jpg,lowered,0.242940,raised
img_234.jpg,lowered,0.232528,raised
img_235.jpg,lowered,0.380280,raised
img_236.jpg,lowered,0.294284,raised
img_237.jpg,lowered,0.248041,raised
img_238.jpg,lowered,0.210182,raised
img_239.jpg,raised,0.437203,raised
img_240.jpg,lowered,0.268869,raised
img_242.jpg,lowered,0.283778,raised
img_243.jpg,lowered,0.340461,raised
img_244.jpg,lowered,0.262788,raised
img_245.jpg,lowered,0.281976,raised
img_247.jpg,lowered,0.361561,raised
img_248.jpg,lowered,0.295020,raised
img_249.jpg,lowered,0.221871,raised
img_250.jpg,lowered,0.340263,raised
img_251.jpg,lowered,0.260098,raised
img_252.jpg,lowered,0.268865,raised
img_253.jpg,lowered,0.233880,raised
img_254.jpg,lowered,0.345415,raised
img_255.jpg,lowered,0.254546,raised
img_256.jpg,lowered,0.221083,raised
img_258.jpg,lowered,0.320947,raised
img_259.jpg,lowered,0.323151,raised
img_260.jpg,lowered,0.286076,raised
img_261.jpg,lowered,0.244120,raised
img_262.jpg,lowered,0.270078,raised
img_263.jpg,lowered,0.270559,raised
img_264.jpg,lowered,0.277882,raised
img_265.jpg,lowered,0.323715,raised
img_266.jpg,lowered,0.258736,raised
img_268.jpg,lowered,0.384401,raised
img_269.jpg,lowered,0.336418,raised
img_271.jpg,lowered,0.320112,raised
img_272.jpg,lowered,0.278424,raised
img_273.jpg,lowered,0.351280,raised
img_274.jpg,lowered,0.324463,raised
img_275.jpg,lowered,0.320110,raised
img_277.jpg,lowered,0.255604,raised
img_278.jpg,lowered,0.229285,raised
img_279.jpg,lowered,0.387558,raised
img_280.jpg,lowered,0.392019,raised
img_281.jpg,lowered,0.244911,raised
img_282.jpg,lowered,0.236880,raised
img_284.jpg,lowered,0.330895,raised
img_285.jpg,lowered,0.256565,raised
img_286.jpg,lowered,0.283942,raised
img_288.jpg,lowered,0.302724,raised
img_289.jpg,lowered,0.326810,raised
img_290.jpg,lowered,0.289457,raised
img_291.jpg,lowered,0.326594,raised
img_292.jpg,lowered,0.281833,raised
img_293.jpg,raised,0.504340,raised
img_294.jpg,lowered,0.262152,raised
img_295.jpg,lowered,0.294614,raised
img_296.jpg,lowered,0.278305,raised
img_297.jpg,lowered,0.205028,raised
img_370.jpg,lowered,0.394231,lowered
img_372.jpg,lowered,0.330457,lowered
img_373.jpg,lowered,0.269905,lowered
img_374.jpg,lowered,0.268955,lowered
img_375.jpg,lowered,0.279474,lowered
img_376.jpg,lowered,0.305096,lowered
img_377.jpg,lowered,0.265700,lowered
img_378.jpg,lowered,0.314503,lowered
img_379.jpg,raised,0.484742,lowered
img_382.jpg,lowered,0.294309,lowered
img_384.jpg,lowered,0.283904,lowered
img_385.jpg,lowered,0.295346,lowered
img_386.jpg,lowered,0.248281,lowered
img_387.jpg,lowered,0.246352,lowered
img_388.jpg,lowered,0.350820,lowered
img_390.jpg,lowered,0.266030,lowered
img_391.jpg,lowered,0.395168,lowered
img_392.jpg,lowered,0.255284,lowered
img_393.jpg,lowered,0.324811,lowered
img_395.jpg,lowered,0.299596,lowered
img_396.jpg,lowered,0.265252,lowered
img_397.jpg,lowered,0.354618,lowered
img_398.jpg,raised,0.471713,lowered
img_399.jpg,lowered,0.311264,lowered
img_400.jpg,lowered,0.318221,lowered
img_402.jpg,lowered,0.312484,lowered
img_403.jpg,lowered,0.316847,lowered
img_404.jpg,raised,0.578780,lowered
img_406.jpg,lowered,0.343504,lowered
img_407.jpg,lowered,0.233763,lowered
img_408.jpg,lowered,0.318910,lowered
img_409.jpg,lowered,0.272610,lowered
img_410.jpg,lowered,0.197761,lowered
img_411.jpg,lowered,0.200004,lowered
img_412.jpg,raised,0.461226,lowered
img_413.jpg,lowered,0.204703,lowered
img_414.jpg,lowered,0.297525,lowered
img_415.jpg,lowered,0.417147,lowered
img_416.jpg,lowered,0.278885,lowered
img_417.jpg,lowered,0.388966,lowered
img_418.jpg,lowered,0.229733,lowered
img_419.jpg,lowered,0.411470,lowered
img_420.jpg,lowered,0.163517,lowered
img_421.jpg,lowered,0.227593,lowered
img_422.jpg,lowered,0.204952,lowered
img_423.jpg,lowered,0.365330,lowered
img_424.jpg,lowered,0.364686,lowered
img_427.jpg,lowered,0.224348,lowered
img_428.jpg,lowered,0.222373,lowered
img_429.jpg,lowered,0.413746,lowered
img_430.jpg,lowered,0.248122,lowered
img_433.jpg,lowered,0.315293,lowered
img_435.jpg,lowered,0.347438,lowered
img_438.jpg,lowered,0.293451,lowered
img_439.jpg,lowered,0.375308,lowered
img_440.jpg,lowered,0.316964,lowered
img_443.jpg,lowered,0.279638,lowered
img_444.jpg,lowered,0.307280,lowered
img_446.jpg,lowered,0.309876,lowered
img_449.jpg,lowered,0.334360,lowered
img_450.jpg,lowered,0.303829,lowered
img_451.jpg,lowered,0.271040,lowered
img_452.jpg,lowered,0.315155,lowered
img_453.jpg,lowered,0.310307,lowered
img_454.jpg,lowered,0.350719,lowered
img_455.jpg,lowered,0.347442,lowered
img_456.jpg,lowered,0.282365,lowered
img_457.jpg,lowered,0.299185,lowered
img_458.jpg,raised,0.434536,lowered
img_459.jpg,lowered,0.287254,lowered
img_461.jpg,lowered,0.288022,lowered
img_462.jpg,lowered,0.388569,lowered
img_465.jpg,lowered,0.288688,lowered
img_466.jpg,lowered,0.336505,lowered
img_467.jpg,raised,0.780570,lowered
img_468.jpg,lowered,0.311961,lowered
img_469.jpg,lowered,0.295277,lowered
img_470.jpg,lowered,0.277071,lowered
img_471.jpg,lowered,0.242516,lowered
img_472.jpg,lowered,0.295699,lowered
img_473.jpg,lowered,0.296666,lowered
img_474.jpg,lowered,0.303783,lowered
img_475.jpg,lowered,0.275013,lowered
img_478.jpg,lowered,0.329451,lowered
img_480.jpg,lowered,0.265073,lowered
img_483.jpg,lowered,0.296251,lowered
img_484.jpg,lowered,0.358350,lowered
img_486.jpg,lowered,0.299023,lowered
img_487.jpg,lowered,0.355301,lowered
img_488.jpg,lowered,0.289762,lowered
img_489.jpg,lowered,0.301031,lowered
img_490.jpg,lowered,0.279111,lowered
img_493.jpg,lowered,0.294589,lowered
img_494.jpg,raised,0.457291,lowered
img_495.jpg,lowered,0.248610,lowered
img_498.jpg,lowered,0.321031,lowered
img_500.jpg,lowered,0.349813,lowered
img_501.jpg,lowered,0.206647,lowered
img_502.jpg,lowered,0.266524,lowered
img_503.jpg,lowered,0.328082,lowered
img_504.jpg,lowered,0.303939,lowered
img_505.jpg,lowered,0.356485,lowered
img_506.jpg,lowered,0.267104,lowered
img_507.jpg,raised,0.773205,lowered
img_508.jpg,raised,0.482357,lowered
img_509.jpg,lowered,0.245575,lowered
img_512.jpg,lowered,0.301724,lowered
img_513.jpg,lowered,0.326969,lowered
img_514.jpg,lowered,0.313742,lowered
img_515.jpg,lowered,0.334153,lowered
img_516.jpg,lowered,0.279427,lowered
img_517.jpg,lowered,0.307912,lowered
img_519.jpg,lowered,0.213020,lowered
img_520.jpg,lowered,0.283700,lowered
img_521.jpg,raised,0.565539,lowered
img_522.jpg,lowered,0.357516,lowered
img_525.jpg,lowered,0.371813,lowered
img_528.jpg,lowered,0.232111,lowered
img_529.jpg,lowered,0.345222,lowered
img_530.jpg,lowered,0.281441,lowered
img_531.jpg,lowered,0.299368,lowered
img_532.jpg,lowered,0.243473,lowered
img_533.jpg,lowered,0.310601,lowered
img_534.jpg,lowered,0.305653,lowered
img_535.jpg,raised,0.509842,lowered
img_536.jpg,lowered,0.248519,lowered
img_537.jpg,lowered,0.232371,lowered
img_538.jpg,lowered,0.212043,lowered
img_539.jpg,lowered,0.351768,lowered
img_540.jpg,lowered,0.242350,lowered
img_541.jpg,lowered,0.224959,lowered
img_542.jpg,lowered,0.231564,lowered
img_543.jpg,lowered,0.243172,lowered
img_545.jpg,lowered,0.269618,lowered
img_546.jpg,raised,0.770812,lowered
img_547.jpg,lowered,0.293821,lowered
img_556.jpg,lowered,0.325218,lowered
img_557.jpg,lowered,0.245705,lowered
img_558.jpg,lowered,0.286381,lowered
img_559.jpg,lowered,0.245489,lowered
img_561.jpg,lowered,0.254217,lowered
img_564.jpg,lowered,0.266954,lowered
img_565.jpg,lowered,0.264819,lowered
img_566.jpg,lowered,0.279393,lowered
img_567.jpg,lowered,0.268880,lowered
img_569.jpg,lowered,0.236339,lowered
img_570.jpg,lowered,0.337582,lowered
img_571.jpg,lowered,0.346556,lowered
img_573.jpg,lowered,0.284165,lowered
img_574.jpg,lowered,0.357197,lowered
img_575.jpg,lowered,0.304354,lowered
img_576.jpg,lowered,0.193208,lowered
img_577.jpg,lowered,0.260045,lowered
img_578.jpg,lowered,0.298482,lowered
img_579.jpg,lowered,0.238013,lowered
img_581.jpg,lowered,0.299938,lowered
img_582.jpg,lowered,0.281901,lowered
img_583.jpg,lowered,0.363270,lowered
img_585.jpg,lowered,0.315644,lowered
img_588.jpg,lowered,0.255245,lowered
img_590.jpg,lowered,0.297989,lowered
img_593.jpg,lowered,0.259061,lowered
img_595.jpg,lowered,0.283692,lowered
img_596.jpg,lowered,0.228218,lowered
img_598.jpg,lowered,0.244375,lowered
img_602.jpg,lowered,0.218021,lowered
img_605.jpg,lowered,0.285077,lowered
img_606.jpg,lowered,0.206379,lowered
img_607.jpg,lowered,0.296721,lowered
img_612.jpg,lowered,0.263806,lowered
img_614.jpg,lowered,0.272719,lowered
img_616.jpg,lowered,0.263182,lowered
img_617.jpg,lowered,0.229169,lowered
img_620.jpg,lowered,0.253736,lowered
img_621.jpg,lowered,0.216598,lowered
img_622.jpg,lowered,0.285030,lowered
img_624.jpg,lowered,0.288599,lowered
img_625.jpg,lowered,0.258344,lowered
img_626.jpg,lowered,0.287016,lowered
img_627.jpg,lowered,0.261042,lowered
img_629.jpg,lowered,0.216956,lowered
img_630.jpg,lowered,0.275631,lowered
img_631.jpg,lowered,0.217980,lowered
img_632.jpg,lowered,0.242974,lowered
img_633.jpg,lowered,0.303588,lowered
img_634.jpg,lowered,0.262263,lowered
img_635.jpg,lowered,0.236835,lowered
img_636.jpg,raised,0.622211,lowered
img_637.jpg,lowered,0.314645,lowered
img_638.jpg,lowered,0.217176,lowered
img_640.jpg,raised,0.432926,lowered
img_641.jpg,raised,0.623753,lowered
img_642.jpg,raised,0.824330,lowered
img_645.jpg,lowered,0.362871,lowered
img_647.jpg,lowered,0.412843,lowered
img_648.jpg,lowered,0.331122,lowered
img_649.jpg,raised,0.603001,lowered
img_650.jpg,raised,0.770553,lowered
img_651.jpg,raised,0.611433,lowered
img_652.jpg,raised,0.579729,lowered
img_654.jpg,raised,0.528855,lowered
img_655.jpg,lowered,0.392181,lowered
img_656.jpg,raised,0.526147,lowered
img_657.jpg,raised,0.621695,lowered
img_658.jpg,raised,0.838418,lowered
img_659.jpg,raised,0.632667,lowered
img_661.jpg,lowered,0.379822,lowered
img_662.jpg,raised,0.684001,lowered
img_663.jpg,lowered,0.257846,lowered
img_664.jpg,raised,0.626697,lowered
img_665.jpg,lowered,0.247733,lowered
img_666.jpg,lowered,0.366314,lowered
img_667.jpg,raised,0.456638,lowered
img_668.jpg,lowered,0.261569,lowered
img_669.jpg,lowered,0.244556,lowered
img_670.jpg,raised,0.589500,lowered
img_671.jpg,raised,0.449171,lowered
img_672.jpg,raised,0.784425,lowered
img_677.jpg,lowered,0.376113,lowered
img_682.jpg,lowered,0.321785,lowered
img_683.jpg,raised,0.700068,lowered
img_687.jpg,raised,0.523149,lowered
img_688.jpg,raised,0.597846,lowered
img_689.jpg,lowered,0.289340,lowered
img_690.jpg,lowered,0.271040,lowered
img_691.jpg,lowered,0.310307,lowered
img_692.jpg,lowered,0.350719,lowered
img_693.jpg,lowered,0.347442,lowered
img_694.jpg,lowered,0.282365,lowered
img_696.jpg,lowered,0.299185,lowered
img_697.jpg,raised,0.434536,lowered
img_699.jpg,raised,0.423449,lowered
img_700.jpg,lowered,0.287254,lowered
img_702.jpg,lowered,0.288022,lowered
img_703.jpg,lowered,0.310434,lowered
img_704.jpg,lowered,0.388569,lowered
img_708.jpg,lowered,0.288688,lowered
img_709.jpg,lowered,0.336505,lowered
img_710.jpg,lowered,0.248050,lowered
img_711.jpg,raised,0.780570,lowered
img_712.jpg,lowered,0.311961,lowered
img_713.jpg,lowered,0.277071,lowered
img_714.jpg,lowered,0.242516,lowered
img_715.jpg,lowered,0.233758,lowered
img_716.jpg,lowered,0.295699,lowered
img_717.jpg,raised,0.744236,lowered
img_718.jpg,lowered,0.247041,lowered
img_719.jpg,lowered,0.303783,lowered
img_720.jpg,lowered,0.275013,lowered
img_724.jpg,raised,0.470746,lowered
img_726.jpg,lowered,0.265073,lowered
img_729.jpg,lowered,0.296251,lowered
img_732.jpg,lowered,0.299023,lowered
img_733.jpg,lowered,0.355301,lowered
img_734.jpg,lowered,0.301031,lowered
img_735.jpg,lowered,0.279111,lowered
img_738.jpg,lowered,0.294589,lowered
img_739.jpg,lowered,0.320260,lowered
img_740.jpg,raised,0.457291,lowered
img_743.jpg,lowered,0.274686,lowered
img_744.jpg,lowered,0.323100,lowered
img_745.jpg,lowered,0.257002,lowered
img_746.jpg,lowered,0.245165,lowered
img_747.jpg,lowered,0.329824,lowered
img_748.jpg,lowered,0.290439,lowered
img_749.jpg,lowered,0.274746,lowered
img_750.jpg,lowered,0.311979,lowered
img_751.jpg,lowered,0.267662,lowered
img_754.jpg,lowered,0.236480,lowered
img_755.jpg,lowered,0.236480,lowered
