filename,sum_total_global,ratio_top_bottom,center_of_mass_y,avg_percent_above_threshold,horizontal_vs_vertical_ratio,max_overall,mean_of_means,std_of_means,mean_signed_vertical,mean_signed_horizontal
img_001.jpg,12971.416992,0.729007,0.555799,0.368905,0.788095,1.000000,0.113102,0.069005,0.063643,0.080755
img_002.jpg,11340.390625,0.417400,0.617183,0.279855,0.700238,1.000000,0.098880,0.101596,0.033427,0.047736
img_003.jpg,8767.412109,0.771613,0.557181,0.264457,1.271423,1.000000,0.076446,0.052284,0.051777,0.040724
img_004.jpg,10066.248047,1.015321,0.501338,0.289289,0.845572,1.000000,0.087771,0.072260,0.040205,0.047547
img_005.jpg,8316.872070,0.875448,0.522887,0.256217,1.507740,1.000000,0.072517,0.049191,0.054579,0.036199
img_006.jpg,11280.681641,0.527120,0.599834,0.272845,1.282354,1.000000,0.098360,0.094892,0.046378,0.036166
img_007.jpg,12063.803711,0.643432,0.556382,0.381696,1.147048,1.000000,0.105188,0.087899,0.057449,0.050084
img_008.jpg,11023.569336,0.524646,0.566205,0.281625,0.831834,1.000000,0.096118,0.084190,0.044460,0.053448
img_009.jpg,10107.208008,1.391438,0.453434,0.278128,0.884229,1.000000,0.088128,0.067079,0.048266,0.054586
img_010.jpg,20206.220703,1.086815,0.481425,0.517404,1.057584,1.000000,0.176184,0.116438,0.113508,0.107328
img_011.jpg,11649.479492,0.884880,0.522774,0.379159,1.164851,1.000000,0.101575,0.084660,0.055307,0.047480
img_012.jpg,6533.047852,1.001960,0.509184,0.191493,1.829033,1.000000,0.056964,0.031551,0.053199,0.029086
img_013.jpg,8056.641602,1.219635,0.480503,0.227051,1.656597,1.000000,0.070248,0.043298,0.050772,0.030649
img_014.jpg,14410.754883,0.624654,0.588529,0.413374,0.807911,1.000000,0.125652,0.070279,0.078558,0.097236
img_015.jpg,9989.470703,0.785766,0.538421,0.297512,1.190396,1.000000,0.087101,0.052478,0.062807,0.052762
img_016.jpg,11467.751953,0.626745,0.576710,0.292463,1.366470,1.000000,0.099991,0.069837,0.074385,0.054436
img_018.jpg,14708.744141,0.777280,0.556295,0.408700,1.047036,1.000000,0.128250,0.102249,0.076313,0.072885
img_019.jpg,17035.414062,1.103139,0.494345,0.418832,1.748450,1.000000,0.148537,0.113609,0.108896,0.062282
img_020.jpg,8777.084961,0.574623,0.628459,0.241900,0.897260,1.000000,0.076530,0.057901,0.038987,0.043451
img_021.jpg,6650.924805,0.962541,0.509377,0.178519,1.281497,1.000000,0.057991,0.032144,0.041230,0.032173
img_022.jpg,8756.163086,0.901356,0.545129,0.272278,1.141907,1.000000,0.076348,0.054188,0.043435,0.038037
img_023.jpg,12832.151367,0.865133,0.538406,0.306257,1.150042,1.000000,0.111887,0.104284,0.062243,0.054123
img_024.jpg,17544.626953,1.246529,0.478628,0.477495,1.152236,1.000000,0.152977,0.088565,0.118363,0.102724
img_025.jpg,15887.248047,0.868357,0.518941,0.486633,0.931191,1.000000,0.138526,0.054372,0.103496,0.111143
img_026.jpg,11393.441406,0.860778,0.524272,0.321245,1.322197,1.000000,0.099343,0.045992,0.087375,0.066083
img_027.jpg,13637.622070,0.665847,0.552755,0.378959,0.936541,1.000000,0.118911,0.106461,0.051787,0.055296
img_028.jpg,4403.392578,0.554898,0.545257,0.080226,1.308602,1.000000,0.038395,0.019562,0.030861,0.023584
img_029.jpg,5715.915527,0.796350,0.555966,0.106663,1.204408,1.000000,0.049839,0.031987,0.030331,0.025184
img_030.jpg,6415.615234,1.236556,0.482675,0.173235,1.382845,1.000000,0.055940,0.046821,0.033453,0.024191
img_031.jpg,11405.236328,0.950687,0.513978,0.313886,1.243879,1.000000,0.099446,0.104224,0.041298,0.033201
img_032.jpg,4800.193359,1.230479,0.496189,0.095991,1.127030,1.000000,0.041854,0.023761,0.031233,0.027712
img_033.jpg,14546.876953,0.761100,0.543648,0.372515,1.256363,1.000000,0.126839,0.137259,0.055817,0.044428
img_034.jpg,8800.558594,0.667282,0.585261,0.247934,1.150238,1.000000,0.076735,0.058006,0.044584,0.038761
img_035.jpg,9174.069336,0.733063,0.561676,0.264003,1.204949,1.000000,0.079992,0.070480,0.046934,0.038951
img_036.jpg,7957.394531,1.027546,0.515044,0.252058,1.166914,1.000000,0.069383,0.064052,0.036708,0.031457
img_037.jpg,4568.579590,0.878712,0.485120,0.065613,1.145331,1.000000,0.039835,0.030812,0.022789,0.019897
img_038.jpg,9053.708984,0.882959,0.513809,0.243016,1.387842,1.000000,0.078942,0.079430,0.039922,0.028765
img_039.jpg,5974.344727,1.058486,0.491546,0.079337,1.100002,1.000000,0.052092,0.046669,0.026658,0.024235
img_040.jpg,6469.111328,1.328705,0.494202,0.124015,1.202537,1.000000,0.056406,0.038126,0.036825,0.030622
img_041.jpg,8023.128906,1.753887,0.434439,0.242754,1.230260,1.000000,0.069956,0.060234,0.040236,0.032705
img_042.jpg,4396.539062,0.392155,0.622053,0.081351,1.007381,1.000000,0.038335,0.015976,0.027658,0.027455
img_043.jpg,6807.306641,0.571899,0.594251,0.144209,2.553566,1.000000,0.059355,0.020603,0.065663,0.025714
img_044.jpg,7285.119141,0.491123,0.599714,0.244786,1.125844,1.000000,0.063521,0.051092,0.035796,0.031795
img_045.jpg,6252.054688,0.610852,0.574493,0.103446,1.603324,1.000000,0.054514,0.047276,0.032908,0.020525
img_046.jpg,6542.891602,1.410332,0.478399,0.115217,1.004909,1.000000,0.057049,0.031480,0.036913,0.036733
img_047.jpg,3461.739014,0.974111,0.522691,0.074001,1.425874,1.000000,0.030184,0.020024,0.020688,0.014509
img_048.jpg,7895.588867,0.945224,0.517172,0.264596,1.348374,1.000000,0.068844,0.060387,0.039807,0.029522
img_049.jpg,5268.497070,1.080669,0.519671,0.093785,1.632417,1.000000,0.045938,0.029211,0.034032,0.020848
img_050.jpg,3652.625977,0.891035,0.500784,0.074227,1.304143,1.000000,0.031848,0.019058,0.023560,0.018066
img_051.jpg,13991.515625,0.778469,0.546398,0.373805,1.098279,1.000000,0.121996,0.132140,0.052820,0.048093
img_052.jpg,11122.311523,0.589007,0.578154,0.331665,1.045673,1.000000,0.096979,0.065433,0.061509,0.058823
img_053.jpg,11514.080078,0.530151,0.592631,0.269775,1.934240,1.000000,0.100395,0.097792,0.057634,0.029797
img_054.jpg,11859.149414,0.678566,0.566096,0.280308,1.378036,1.000000,0.103404,0.113017,0.048093,0.034900
img_055.jpg,15386.036133,0.939879,0.515536,0.378235,1.005542,1.000000,0.134156,0.142123,0.053552,0.053257
img_056.jpg,13663.597656,1.009401,0.507026,0.380615,0.963421,1.000000,0.119137,0.119594,0.050639,0.052562
img_057.jpg,11789.571289,0.981468,0.512708,0.280814,1.284221,1.000000,0.102797,0.100992,0.053332,0.041529
img_058.jpg,12426.847656,0.977404,0.513232,0.290231,1.394164,1.000000,0.108354,0.101634,0.059946,0.042998
img_059.jpg,19289.921875,0.826288,0.530030,0.395386,1.166843,1.000000,0.168195,0.198256,0.068240,0.058482
img_060.jpg,16692.070312,0.777687,0.546852,0.379996,0.978945,1.000000,0.145543,0.161987,0.059154,0.060427
img_061.jpg,6987.308594,0.844646,0.526004,0.218445,1.438671,1.000000,0.060924,0.048616,0.033586,0.023345
img_062.jpg,6306.941406,1.243700,0.491529,0.113342,0.967074,1.000000,0.054992,0.034402,0.035085,0.036280
img_063.jpg,18171.144531,0.896518,0.523453,0.377372,1.421872,1.000000,0.158440,0.185724,0.063255,0.044487
img_064.jpg,10082.199219,0.769506,0.550741,0.250889,1.777875,1.000000,0.087910,0.088298,0.046062,0.025908
img_065.jpg,9670.294922,0.409696,0.662111,0.265721,0.859772,1.000000,0.084318,0.073051,0.039527,0.045974
img_066.jpg,3569.836426,1.345233,0.453393,0.065325,1.182915,1.000000,0.031127,0.019262,0.022913,0.019370
img_067.jpg,9102.499023,1.110864,0.507281,0.249887,1.273314,1.000000,0.079367,0.062896,0.048073,0.037755
img_068.jpg,7563.593262,0.609906,0.597910,0.214704,1.065746,1.000000,0.065949,0.044544,0.040076,0.037604
img_069.jpg,6812.850586,0.532345,0.583631,0.099766,1.407898,1.000000,0.059403,0.042599,0.038104,0.027065
img_071.jpg,13528.128906,0.696946,0.585232,0.294835,0.919914,1.000000,0.117956,0.109825,0.052064,0.056596
img_072.jpg,8170.337891,1.019588,0.482401,0.220808,0.883717,1.000000,0.071240,0.021225,0.059333,0.067140
img_073.jpg,6642.400879,0.441830,0.617872,0.201861,1.125236,1.000000,0.057917,0.043546,0.039892,0.035452
img_074.jpg,21791.509766,1.188896,0.482561,0.420680,0.604188,1.000000,0.190007,0.209338,0.053607,0.088726
img_075.jpg,13606.142578,0.921915,0.521857,0.358930,1.179398,1.000000,0.118636,0.089276,0.075101,0.063678
img_076.jpg,12249.941406,0.493810,0.601022,0.317200,0.640616,1.000000,0.106811,0.094972,0.043805,0.068380
img_077.jpg,10246.281250,0.857196,0.533575,0.293387,1.246388,1.000000,0.089340,0.073312,0.052151,0.041842
img_078.jpg,12173.006836,0.544999,0.611710,0.314619,1.602025,1.000000,0.106140,0.076162,0.079789,0.049805
img_079.jpg,6442.434570,0.748087,0.540772,0.161490,0.604338,1.000000,0.056174,0.030647,0.030320,0.050170
img_080.jpg,16324.833984,0.762225,0.545516,0.403652,0.829094,1.000000,0.142341,0.109512,0.067489,0.081401
img_082.jpg,13156.010742,0.654718,0.567225,0.359201,1.419870,1.000000,0.114711,0.091281,0.071601,0.050428
img_083.jpg,4254.530273,1.021515,0.540799,0.082720,1.729705,1.000000,0.037097,0.021774,0.031238,0.018060
img_084.jpg,11714.872070,0.721573,0.559129,0.319162,1.273780,1.000000,0.102146,0.082490,0.060376,0.047399
img_085.jpg,13845.325195,0.712514,0.556044,0.342355,1.024404,1.000000,0.120722,0.134921,0.049672,0.048489
img_087.jpg,11534.289062,0.951094,0.507968,0.326277,0.921623,1.000000,0.100571,0.063347,0.060400,0.065537
img_088.jpg,5830.437500,0.425590,0.651979,0.130755,1.533521,1.000000,0.050837,0.034449,0.033417,0.021791
img_089.jpg,4957.784668,0.468984,0.612672,0.113360,1.622476,1.000000,0.043228,0.029808,0.029844,0.018394
img_090.jpg,7419.170410,0.535507,0.629012,0.196010,1.111151,1.000000,0.064690,0.053575,0.032649,0.029383
img_091.jpg,17557.097656,0.681885,0.563637,0.432443,1.298887,1.000000,0.153086,0.138533,0.085222,0.065612
img_092.jpg,9428.645508,1.043246,0.495120,0.273307,1.224554,1.000000,0.082211,0.067372,0.047773,0.039013
img_093.jpg,6569.405273,0.620982,0.567440,0.108590,1.743489,1.000000,0.057281,0.043933,0.040042,0.022967
img_094.jpg,10173.435547,0.671694,0.569099,0.300746,0.732499,1.000000,0.088705,0.059539,0.039260,0.053598
img_095.jpg,9076.621094,0.504458,0.610141,0.256888,0.953517,1.000000,0.079142,0.047687,0.052917,0.055497
img_096.jpg,12738.370117,0.742855,0.575683,0.304574,0.926246,1.000000,0.111070,0.103047,0.050521,0.054544
img_098.jpg,9077.310547,0.472395,0.613922,0.255502,0.769689,1.000000,0.079148,0.043734,0.046012,0.059780
img_099.jpg,15280.021484,0.962920,0.524542,0.380110,0.846312,1.000000,0.133231,0.127211,0.059567,0.070384
img_100.jpg,13820.902344,0.829929,0.539390,0.398132,0.933029,1.000000,0.120509,0.077171,0.069775,0.074783
img_101.jpg,16947.230469,0.975745,0.499827,0.467242,1.345395,1.000000,0.147768,0.078786,0.106959,0.079500
img_102.jpg,5859.943848,1.092613,0.479681,0.093619,1.351004,1.000000,0.051095,0.038110,0.033657,0.024913
img_103.jpg,21002.341797,1.320560,0.465186,0.512721,0.636312,1.000000,0.183126,0.124438,0.086535,0.135994
img_105.jpg,4975.910156,0.487033,0.596924,0.103115,0.992715,1.000000,0.043386,0.017151,0.031795,0.032028
img_106.jpg,16743.126953,0.615109,0.579755,0.381714,1.198630,1.000000,0.145988,0.165224,0.053522,0.044653
img_107.jpg,4856.214355,0.728175,0.597989,0.093733,0.843017,1.000000,0.042343,0.027059,0.024728,0.029333
img_108.jpg,6359.282227,0.674071,0.576966,0.094125,1.323372,1.000000,0.055449,0.043511,0.030831,0.023297
img_110.jpg,14092.351562,0.657500,0.563079,0.396511,0.679152,1.000000,0.122876,0.057803,0.076740,0.112994
img_111.jpg,6792.879883,0.503010,0.661920,0.215210,0.567693,1.000000,0.059229,0.048153,0.022222,0.039144
img_112.jpg,7095.191406,0.368629,0.693340,0.197518,0.519443,1.000000,0.061865,0.046009,0.024306,0.046792
img_113.jpg,11218.478516,0.362702,0.658380,0.286883,0.659999,1.000000,0.097817,0.068429,0.048612,0.073654
img_114.jpg,11694.942383,0.605997,0.605027,0.277675,0.763960,1.000000,0.101972,0.101702,0.039089,0.051166
img_115.jpg,4514.405273,0.809089,0.518783,0.095851,2.208992,1.000000,0.039362,0.020161,0.036883,0.016697
img_116.jpg,11464.690430,0.586036,0.614644,0.275120,0.871979,1.000000,0.099964,0.101391,0.038990,0.044715
img_117.jpg,16757.763672,0.603547,0.570250,0.369742,1.011523,1.000000,0.146116,0.166857,0.045447,0.044930
img_118.jpg,13152.050781,0.696594,0.570466,0.368277,1.167937,1.000000,0.114677,0.113581,0.056450,0.048333
img_119.jpg,10693.394531,0.630179,0.565611,0.263951,1.586392,1.000000,0.093239,0.092474,0.048280,0.030434
img_120.jpg,7604.769043,0.574454,0.596566,0.242841,1.556374,1.000000,0.066308,0.054766,0.039079,0.025109
img_121.jpg,10124.569336,0.686484,0.558393,0.292106,1.880319,1.000000,0.088279,0.065251,0.058318,0.031015
img_123.jpg,4931.188965,0.767289,0.512147,0.095389,1.535404,1.000000,0.042997,0.026573,0.034497,0.022468
img_124.jpg,5115.172363,0.418399,0.614139,0.115313,1.831926,1.000000,0.044601,0.019899,0.047071,0.025695
img_125.jpg,7689.359375,0.934160,0.519780,0.198417,2.100724,1.000000,0.067046,0.051620,0.054136,0.025770
img_126.jpg,4526.560059,0.501878,0.591767,0.101998,2.077018,1.000000,0.039468,0.013662,0.039662,0.019096
img_127.jpg,16535.201172,0.741254,0.555774,0.413409,1.183820,1.000000,0.144176,0.105697,0.083082,0.070182
img_128.jpg,5336.197266,0.764623,0.555402,0.077166,2.636364,1.000000,0.046528,0.024351,0.044257,0.016787
img_130.jpg,14427.695312,0.711104,0.550265,0.361659,1.250050,1.000000,0.125800,0.138833,0.054007,0.043204
img_131.jpg,10921.530273,0.682228,0.558839,0.274859,1.910011,1.000000,0.095228,0.083545,0.060163,0.031499
img_132.jpg,13931.219727,0.848276,0.512564,0.372672,1.063007,1.000000,0.121471,0.073457,0.085216,0.080165
img_133.jpg,9277.529297,0.561139,0.591363,0.306588,1.126857,1.000000,0.080894,0.044840,0.056463,0.050107
img_134.jpg,11375.492188,0.547326,0.619101,0.291582,0.887085,1.000000,0.099186,0.082763,0.048821,0.055035
img_135.jpg,15982.774414,0.994974,0.496581,0.455593,0.847833,1.000000,0.139359,0.081801,0.079472,0.093735
img_136.jpg,8596.292969,0.491731,0.597966,0.244385,1.091531,1.000000,0.074954,0.038877,0.058732,0.053807
img_137.jpg,9849.143555,0.865975,0.533308,0.246783,1.493791,1.000000,0.085878,0.076760,0.048950,0.032769
img_138.jpg,5666.295410,0.822989,0.545608,0.095799,1.464294,1.000000,0.049406,0.032443,0.035580,0.024298
img_139.jpg,12007.375000,0.693910,0.582941,0.274405,0.824182,1.000000,0.104696,0.094405,0.043558,0.052850
img_140.jpg,9888.751953,0.584744,0.588240,0.274876,1.282189,1.000000,0.086223,0.074575,0.051876,0.040459
img_142.jpg,9908.774414,1.267125,0.466444,0.272496,1.173252,1.000000,0.086398,0.069406,0.051026,0.043491
img_145.jpg,7946.828613,1.440542,0.471353,0.217773,1.188635,1.000000,0.069291,0.053722,0.040752,0.034284
img_146.jpg,9312.348633,0.557495,0.578070,0.241307,1.568030,1.000000,0.081197,0.062179,0.059762,0.038113
img_147.jpg,5939.989258,0.326550,0.627766,0.118705,1.918568,1.000000,0.051793,0.025539,0.042243,0.022018
img_148.jpg,14269.705078,0.681854,0.567104,0.371643,1.100782,1.000000,0.124422,0.093021,0.074731,0.067889
img_149.jpg,8681.124023,1.059968,0.502977,0.249233,1.369304,1.000000,0.075693,0.063103,0.047257,0.034511
img_150.jpg,7616.520020,0.718517,0.583399,0.245667,0.856586,1.000000,0.066411,0.055734,0.031527,0.036805
img_151.jpg,21134.507812,0.947172,0.509790,0.565839,0.751088,1.000000,0.184278,0.070319,0.117748,0.156770
img_152.jpg,15300.261719,0.825712,0.537208,0.462847,0.536833,1.000000,0.133408,0.036099,0.070398,0.131135
img_153.jpg,10697.814453,0.598968,0.615877,0.272522,0.648400,1.000000,0.093278,0.079102,0.036376,0.056101
img_155.jpg,15031.503906,0.905004,0.544400,0.300642,0.969248,1.000000,0.131064,0.118863,0.060994,0.062929
img_156.jpg,8835.133789,0.684784,0.578378,0.248893,1.454849,1.000000,0.077036,0.052680,0.048717,0.033486
img_157.jpg,9913.849609,0.383101,0.661480,0.240583,0.654910,1.000000,0.086442,0.078633,0.032606,0.049787
img_158.jpg,8777.173828,0.528941,0.645231,0.216544,0.608030,1.000000,0.076531,0.057321,0.030130,0.049554
img_160.jpg,10920.429688,0.539418,0.624482,0.247149,0.967768,1.000000,0.095219,0.080847,0.044979,0.046477
img_161.jpg,11621.438477,0.616677,0.572516,0.282889,1.790354,1.000000,0.101331,0.091266,0.064261,0.035893
img_162.jpg,21857.958984,1.068503,0.500299,0.455479,0.851570,1.000000,0.190586,0.205854,0.071138,0.083537
img_163.jpg,9248.203125,0.387353,0.672540,0.226345,0.699224,1.000000,0.080638,0.073895,0.030533,0.043667
img_164.jpg,8523.909180,0.365280,0.679217,0.231663,0.811330,1.000000,0.074323,0.064790,0.032167,0.039647
img_165.jpg,6686.295410,0.936855,0.523468,0.225403,0.987205,1.000000,0.058300,0.042119,0.033596,0.034032
img_167.jpg,12725.265625,0.541756,0.616636,0.315456,0.912214,1.000000,0.110956,0.087827,0.058115,0.063708
img_168.jpg,9416.283203,0.615299,0.608054,0.248526,0.621279,1.000000,0.082103,0.075756,0.029372,0.047277
img_169.jpg,9050.381836,0.582251,0.610979,0.256051,0.662815,1.000000,0.078913,0.061554,0.033431,0.050438
img_170.jpg,10856.007812,0.646501,0.599768,0.263367,1.331183,1.000000,0.094657,0.099168,0.042910,0.032235
img_171.jpg,8395.247070,0.837686,0.564673,0.216710,1.053836,1.000000,0.073201,0.070194,0.034770,0.032994
img_172.jpg,8835.976562,1.089031,0.498939,0.247794,1.710487,1.000000,0.077044,0.056181,0.055688,0.032557
img_173.jpg,7317.598145,0.834506,0.543172,0.180769,1.281395,1.000000,0.063804,0.046728,0.040126,0.031314
img_174.jpg,7550.321289,0.561926,0.647672,0.228298,0.585494,1.000000,0.065834,0.051190,0.026723,0.045642
img_175.jpg,8806.287109,0.748330,0.557302,0.275356,1.216810,1.000000,0.076785,0.061835,0.042500,0.034927
img_176.jpg,7519.130859,0.991822,0.509551,0.249363,1.605753,1.000000,0.065562,0.043122,0.047119,0.029344
img_177.jpg,10882.408203,0.694317,0.566118,0.282200,1.279239,1.000000,0.094887,0.083177,0.055053,0.043036
img_178.jpg,11507.685547,0.580513,0.578388,0.319528,1.729202,1.000000,0.100339,0.074768,0.063473,0.036707
img_179.jpg,10677.712891,0.676292,0.589793,0.281328,0.923437,1.000000,0.093102,0.074907,0.049073,0.053141
img_180.jpg,4441.507324,0.937136,0.491684,0.091099,1.092221,1.000000,0.038727,0.018514,0.031764,0.029082
img_181.jpg,8734.764648,0.458173,0.606644,0.236372,0.725977,1.000000,0.076161,0.028037,0.049382,0.068021
img_182.jpg,7258.056641,0.738611,0.549452,0.229152,1.596713,1.000000,0.063285,0.054582,0.043881,0.027482
img_183.jpg,11471.611328,1.115262,0.495275,0.303816,1.474697,1.000000,0.100025,0.068073,0.084726,0.057453
img_184.jpg,4801.563965,0.988282,0.533635,0.108093,1.140337,1.000000,0.041866,0.021876,0.029654,0.026005
img_185.jpg,6367.274902,0.260897,0.709788,0.159258,1.002396,1.000000,0.055518,0.039609,0.029790,0.029719
img_186.jpg,11896.989258,0.689124,0.561506,0.354710,1.768464,1.000000,0.103734,0.038107,0.108271,0.061223
img_187.jpg,13703.503906,0.671176,0.583303,0.363220,1.290197,1.000000,0.119485,0.060746,0.093286,0.072303
img_188.jpg,13801.632812,0.655571,0.581092,0.346566,1.334469,1.000000,0.120341,0.090003,0.079398,0.059498
img_189.jpg,7478.686523,0.529541,0.611172,0.235875,1.112824,1.000000,0.065209,0.037866,0.046422,0.041716
img_190.jpg,15496.188477,0.733817,0.550724,0.394627,1.135993,1.000000,0.135116,0.089420,0.086358,0.076020
img_191.jpg,12611.161133,0.653478,0.590923,0.332363,1.534930,1.000000,0.109961,0.075390,0.084468,0.055031
img_192.jpg,15258.248047,0.613984,0.588631,0.386710,1.469205,1.000000,0.133041,0.092150,0.094754,0.064493
img_193.jpg,15201.283203,0.797902,0.543788,0.435852,1.922117,1.000000,0.132545,0.069846,0.119814,0.062334
img_194.jpg,7743.674805,0.444345,0.670596,0.200718,0.792115,1.000000,0.067519,0.060084,0.027910,0.035235
img_195.jpg,14066.461914,0.841629,0.549225,0.351057,1.511546,1.000000,0.122650,0.081429,0.096241,0.063670
img_196.jpg,13587.854492,0.600140,0.600551,0.307425,1.186264,1.000000,0.118477,0.094902,0.075297,0.063474
img_197.jpg,12500.962891,0.550944,0.610275,0.345381,0.932842,1.000000,0.109000,0.115698,0.043987,0.047154
img_198.jpg,8631.764648,0.790168,0.541674,0.254726,0.797171,1.000000,0.075263,0.052892,0.036645,0.045969
img_199.jpg,10872.790039,0.551896,0.593318,0.297555,1.036596,1.000000,0.094803,0.074998,0.047637,0.045955
img_200.jpg,5034.429199,0.941072,0.505538,0.118774,1.249610,1.000000,0.043897,0.019840,0.036345,0.029085
img_201.jpg,21299.683594,1.046589,0.497296,0.534005,0.787360,1.000000,0.185719,0.112079,0.102258,0.129875
img_202.jpg,13982.802734,0.510610,0.617407,0.385585,0.824211,1.000000,0.121920,0.094300,0.056054,0.068009
img_203.jpg,9914.052734,0.604815,0.620077,0.234654,0.778488,1.000000,0.086444,0.084617,0.035389,0.045458
img_204.jpg,13399.883789,0.729018,0.574179,0.325317,1.425512,1.000000,0.116838,0.077528,0.089797,0.062993
img_205.jpg,12422.638672,0.712131,0.587950,0.278268,0.855706,1.000000,0.108317,0.098065,0.047969,0.056057
img_206.jpg,7391.016113,0.653978,0.543542,0.238002,1.022314,1.000000,0.064445,0.045749,0.037051,0.036243
img_207.jpg,14957.386719,1.016101,0.490806,0.387129,1.308590,1.000000,0.130418,0.082776,0.092904,0.070996
img_208.jpg,11231.899414,0.956005,0.522575,0.278259,0.990654,1.000000,0.097934,0.085264,0.049162,0.049625
img_209.jpg,10519.835938,0.714016,0.580391,0.308123,0.913299,1.000000,0.091726,0.032670,0.066586,0.072907
img_210.jpg,9166.661133,0.453759,0.644913,0.229388,0.885541,1.000000,0.079927,0.058683,0.041818,0.047223
img_211.jpg,6384.589844,0.706053,0.527400,0.124416,1.437311,1.000000,0.055669,0.033595,0.042490,0.029562
img_212.jpg,7979.805664,0.804844,0.588180,0.236799,0.680953,1.000000,0.069578,0.041937,0.033680,0.049461
img_213.jpg,11547.933594,0.668435,0.582863,0.302054,0.535950,1.000000,0.100690,0.070955,0.039949,0.074539
img_214.jpg,12886.650391,0.521989,0.619652,0.315063,0.584740,1.000000,0.112363,0.081572,0.044808,0.076628
img_215.jpg,7130.024414,0.671229,0.592865,0.220415,1.602599,1.000000,0.062169,0.040215,0.043047,0.026861
img_216.jpg,10773.904297,0.722132,0.571141,0.241621,0.496058,1.000000,0.093941,0.078487,0.031265,0.063027
img_217.jpg,7494.571289,0.602573,0.556284,0.270176,1.132930,1.000000,0.065347,0.045369,0.039155,0.034561
img_218.jpg,7051.932617,0.613315,0.616788,0.224574,0.770684,1.000000,0.061488,0.035668,0.032905,0.042696
img_219.jpg,9271.629883,0.351540,0.687312,0.256478,0.480885,1.000000,0.080842,0.069482,0.025840,0.053734
img_220.jpg,7801.783203,0.529127,0.651925,0.223145,0.654415,1.000000,0.068026,0.055268,0.028902,0.044165
img_221.jpg,12979.937500,0.607378,0.582047,0.358355,1.214850,1.000000,0.113176,0.113089,0.044975,0.037021
img_224.jpg,4528.653320,0.443243,0.603485,0.096531,1.410406,1.000000,0.039487,0.018649,0.031480,0.022320
img_225.jpg,4443.466309,0.609828,0.614446,0.102356,1.356707,1.000000,0.038744,0.021760,0.027016,0.019913
img_226.jpg,7287.936523,0.594550,0.553943,0.188686,1.588272,1.000000,0.063546,0.040464,0.044974,0.028316
img_227.jpg,11956.583984,0.562113,0.607482,0.282985,1.196725,1.000000,0.104253,0.089065,0.053858,0.045005
img_228.jpg,9798.796875,0.658131,0.572817,0.283003,1.283796,1.000000,0.085439,0.073816,0.043592,0.033956
img_229.jpg,11606.414062,0.698098,0.562953,0.304138,1.630326,1.000000,0.101200,0.086475,0.065645,0.040265
img_232.jpg,4486.248047,0.478127,0.575412,0.084464,1.669199,1.000000,0.039117,0.015093,0.035709,0.021393
img_233.jpg,7044.906738,0.726896,0.567638,0.225202,1.488348,1.000000,0.061427,0.053887,0.035075,0.023567
img_234.jpg,5755.713867,0.739416,0.566185,0.101170,1.419562,1.000000,0.050186,0.036694,0.032353,0.022791
img_235.jpg,10490.645508,0.297498,0.672574,0.270682,0.974486,1.000000,0.091471,0.046186,0.060356,0.061936
img_236.jpg,9508.243164,0.815413,0.541818,0.266785,1.528030,1.000000,0.082905,0.075917,0.044083,0.028849
img_237.jpg,5879.272461,0.784187,0.521597,0.090690,1.200664,1.000000,0.051263,0.033694,0.031900,0.026569
img_238.jpg,5840.087891,0.620974,0.557062,0.091919,1.585330,1.000000,0.050922,0.035493,0.035784,0.022572
img_239.jpg,9851.343750,0.948755,0.493383,0.265451,1.324269,1.000000,0.085897,0.031096,0.069787,0.052699
img_240.jpg,3021.852051,1.509754,0.469605,0.048113,0.708155,1.000000,0.026348,0.010716,0.016780,0.023696
img_242.jpg,8504.071289,0.466804,0.612935,0.260917,1.286001,1.000000,0.074150,0.047334,0.051271,0.039869
img_243.jpg,6856.104492,1.047884,0.500899,0.146729,0.758483,1.000000,0.059780,0.037295,0.031607,0.041671
img_244.jpg,7180.101562,0.618004,0.560267,0.225865,1.142896,1.000000,0.062606,0.042481,0.040846,0.035739
img_245.jpg,8903.141602,0.782192,0.536182,0.260420,1.463760,1.000000,0.077629,0.066661,0.046196,0.031560
img_247.jpg,11246.962891,0.944481,0.514897,0.267988,1.246968,1.000000,0.098066,0.090249,0.056272,0.045127
img_248.jpg,11500.097656,0.563518,0.580313,0.331412,1.031487,1.000000,0.100273,0.100710,0.043488,0.042161
img_249.jpg,5302.883789,0.522463,0.567482,0.068952,0.866239,1.000000,0.046237,0.035710,0.024043,0.027756
img_250.jpg,6972.492188,1.053637,0.480902,0.211513,0.896108,1.000000,0.060795,0.044634,0.031798,0.035485
img_251.jpg,5788.403320,0.770710,0.544945,0.092808,0.937073,1.000000,0.050471,0.035225,0.029011,0.030959
img_252.jpg,7123.384277,0.627151,0.588894,0.223860,1.015103,1.000000,0.062111,0.043969,0.033545,0.033046
img_253.jpg,9371.851562,0.630239,0.579783,0.236546,1.243123,1.000000,0.081716,0.093569,0.032636,0.026253
img_254.jpg,8589.678711,0.638248,0.571912,0.268110,1.042084,1.000000,0.074896,0.049641,0.052758,0.050628
img_255.jpg,5966.371094,0.868700,0.522021,0.128775,1.619110,1.000000,0.052023,0.025425,0.043273,0.026726
img_256.jpg,5628.363770,0.709881,0.546718,0.110735,1.808578,1.000000,0.049075,0.030986,0.040923,0.022627
img_258.jpg,8543.928711,0.760242,0.532242,0.248038,1.229566,1.000000,0.074497,0.053503,0.047959,0.039005
img_259.jpg,8303.499023,0.999881,0.508687,0.253270,1.386490,1.000000,0.072401,0.048958,0.048804,0.035200
img_260.jpg,7423.308594,0.870869,0.531281,0.241656,1.416872,1.000000,0.064726,0.047929,0.041857,0.029542
img_261.jpg,4306.783203,0.795206,0.511722,0.079991,0.982501,1.000000,0.037552,0.021728,0.025400,0.025853
img_262.jpg,6588.665039,0.760053,0.561908,0.207153,1.159926,1.000000,0.057449,0.042997,0.035133,0.030289
img_263.jpg,8053.652832,0.667239,0.556984,0.244498,1.352702,1.000000,0.070222,0.049118,0.042321,0.031287
img_264.jpg,6825.984375,0.852485,0.526988,0.103864,1.045513,1.000000,0.059518,0.043849,0.034942,0.033421
img_265.jpg,9816.195312,0.889498,0.522850,0.256731,1.373339,1.000000,0.085590,0.069781,0.051575,0.037554
img_266.jpg,4722.444824,0.876166,0.506178,0.092538,1.037986,1.000000,0.041176,0.021976,0.029946,0.028851
img_268.jpg,15460.565430,1.008821,0.502341,0.375174,1.206758,1.000000,0.134805,0.139739,0.057138,0.047348
img_269.jpg,9921.458984,1.054983,0.509536,0.252494,1.321567,1.000000,0.086508,0.076553,0.051619,0.039059
img_271.jpg,9278.640625,0.794380,0.534756,0.271284,1.213880,1.000000,0.080903,0.064732,0.047424,0.039068
img_272.jpg,7782.646973,0.660511,0.585767,0.244045,0.908945,1.000000,0.067859,0.054346,0.033633,0.037002
img_273.jpg,7670.021973,0.800551,0.547489,0.191275,0.887634,1.000000,0.066877,0.021237,0.047443,0.053449
img_274.jpg,6665.796875,1.092748,0.499576,0.110064,0.970315,1.000000,0.058121,0.039229,0.036053,0.037156
img_275.jpg,8614.279297,0.846130,0.555919,0.248108,1.008026,1.000000,0.075111,0.058328,0.040814,0.040489
img_277.jpg,7478.387207,0.700761,0.568169,0.222665,1.517723,1.000000,0.065206,0.049236,0.041572,0.027391
img_278.jpg,6635.748535,1.005482,0.513663,0.113438,2.125556,1.000000,0.057859,0.046460,0.044148,0.020770
img_279.jpg,12922.575195,1.038054,0.494687,0.370187,1.163253,1.000000,0.112676,0.111197,0.053553,0.046037
img_280.jpg,9195.449219,1.216071,0.472737,0.230355,1.129503,1.000000,0.080178,0.042196,0.061542,0.054486
img_281.jpg,8125.031250,0.708814,0.535065,0.242746,1.362852,1.000000,0.070845,0.063136,0.038428,0.028196
img_282.jpg,5145.135742,1.045200,0.501386,0.088771,1.236046,1.000000,0.044862,0.033551,0.026783,0.021669
img_284.jpg,6756.059082,1.720205,0.448283,0.218942,1.027591,1.000000,0.058908,0.051354,0.029766,0.028967
img_285.jpg,8352.598633,0.452917,0.661853,0.226955,0.721499,1.000000,0.072829,0.063213,0.030392,0.042124
img_286.jpg,10312.322266,0.505092,0.635605,0.266706,1.065043,1.000000,0.089916,0.077899,0.043792,0.041118
img_288.jpg,10220.000000,0.528796,0.610349,0.254874,1.263945,1.000000,0.089111,0.072524,0.047712,0.037749
img_289.jpg,9909.390625,0.494078,0.607192,0.256784,0.904746,1.000000,0.086403,0.065971,0.046522,0.051419
img_290.jpg,11623.370117,0.567053,0.577784,0.288783,1.686002,1.000000,0.101348,0.089164,0.060877,0.036107
img_291.jpg,13210.614258,0.658106,0.571518,0.320330,1.485169,1.000000,0.115187,0.107505,0.058390,0.039315
img_292.jpg,11335.363281,0.470938,0.635008,0.291687,1.243273,1.000000,0.098837,0.084393,0.047266,0.038017
img_293.jpg,13917.533203,0.673844,0.582245,0.374302,1.501221,1.000000,0.121351,0.076892,0.093825,0.062499
img_294.jpg,9479.289062,0.361847,0.662788,0.240949,0.737095,1.000000,0.082653,0.075370,0.032325,0.043855
img_295.jpg,7760.561523,0.545303,0.614868,0.235404,1.009334,1.000000,0.067667,0.037466,0.043697,0.043293
img_296.jpg,9069.066406,0.920041,0.531140,0.238351,1.402013,1.000000,0.079076,0.068916,0.042489,0.030306
img_297.jpg,6204.201660,0.675226,0.576344,0.095319,1.545783,1.000000,0.054096,0.044075,0.031838,0.020597
img_298.jpg,10639.083008,0.660627,0.617215,0.265738,0.829546,1.000000,0.092765,0.083174,0.041896,0.050504
img_299.jpg,12998.314453,0.653312,0.605201,0.281529,0.822415,1.000000,0.113336,0.108506,0.045451,0.055265
img_300.jpg,12768.133789,0.865366,0.535167,0.367920,1.437706,1.000000,0.111329,0.113401,0.049001,0.034083
img_301.jpg,15184.085938,0.766327,0.530298,0.439828,1.344323,1.000000,0.132395,0.055765,0.117329,0.087277
img_302.jpg,6097.751953,0.975625,0.524348,0.139509,1.528085,1.000000,0.053168,0.031034,0.041526,0.027175
img_303.jpg,11604.032227,0.496384,0.629010,0.290292,1.180146,1.000000,0.101179,0.091988,0.052334,0.044345
img_304.jpg,10950.902344,0.639037,0.606441,0.273996,0.925611,1.000000,0.095484,0.085250,0.043723,0.047237
img_305.jpg,14359.805664,0.625198,0.589780,0.343323,1.080280,1.000000,0.125208,0.119307,0.062650,0.057994
img_306.jpg,4747.060059,0.902200,0.533001,0.094709,1.529551,1.000000,0.041391,0.025157,0.031983,0.020910
img_307.jpg,17362.710938,0.709216,0.570534,0.331560,1.176943,1.000000,0.151391,0.172495,0.063534,0.053982
img_308.jpg,10671.256836,0.535603,0.610258,0.262425,0.581551,1.000000,0.093046,0.066514,0.043473,0.074754
img_309.jpg,9750.090820,0.344015,0.649877,0.226746,1.314213,1.000000,0.085014,0.078198,0.047655,0.036261
img_310.jpg,8800.593750,0.822437,0.499904,0.231742,1.043459,1.000000,0.076735,0.057881,0.049684,0.047615
img_311.jpg,9623.945312,0.634930,0.607822,0.259155,0.660556,1.000000,0.083914,0.068478,0.033966,0.051420
img_313.jpg,9713.090820,0.472181,0.636601,0.249782,0.724171,1.000000,0.084691,0.072180,0.036145,0.049912
img_314.jpg,17844.421875,0.624127,0.569268,0.473293,0.826066,1.000000,0.155591,0.099524,0.082436,0.099793
img_315.jpg,8959.520508,0.409328,0.633937,0.245762,1.052016,1.000000,0.078121,0.070074,0.038023,0.036143
img_316.jpg,10246.034180,0.611598,0.616321,0.264056,0.817476,1.000000,0.089338,0.083770,0.037114,0.045400
img_319.jpg,18257.681641,0.675880,0.571056,0.474505,0.666781,1.000000,0.159194,0.103451,0.076614,0.114902
img_320.jpg,8825.882812,0.743456,0.516187,0.229946,1.267433,1.000000,0.076956,0.059693,0.053489,0.042202
img_321.jpg,12655.794922,0.675168,0.598649,0.298532,1.155655,1.000000,0.110350,0.097451,0.057317,0.049597
img_322.jpg,20103.861328,0.951025,0.519660,0.484602,1.422807,1.000000,0.175292,0.129857,0.124346,0.087395
img_323.jpg,9064.646484,0.721569,0.591188,0.219814,0.836287,1.000000,0.079037,0.048127,0.046131,0.055162
img_325.jpg,8405.906250,0.470304,0.617837,0.225786,1.360791,1.000000,0.073294,0.038369,0.054477,0.040033
img_326.jpg,9136.168945,0.639787,0.571136,0.208235,1.573002,1.000000,0.079661,0.074460,0.053307,0.033889
img_327.jpg,12503.472656,0.773242,0.571724,0.319057,0.567989,1.000000,0.109022,0.064380,0.052443,0.092331
img_328.jpg,12381.592773,0.529681,0.621674,0.339800,1.048497,1.000000,0.107959,0.076805,0.062878,0.059970
img_329.jpg,10959.410156,0.728912,0.548975,0.296709,1.518722,1.000000,0.095558,0.075894,0.060225,0.039655
img_330.jpg,11677.564453,0.662938,0.572159,0.329851,1.285191,1.000000,0.101820,0.108222,0.045517,0.035416
img_331.jpg,14184.972656,0.663160,0.574015,0.415405,1.076829,1.000000,0.123683,0.063194,0.085289,0.079204
img_332.jpg,7822.159180,0.994460,0.529810,0.259269,1.116753,1.000000,0.068204,0.048201,0.048999,0.043877
img_333.jpg,8307.438477,0.609006,0.579672,0.241821,1.361347,1.000000,0.072435,0.070283,0.038855,0.028542
img_334.jpg,13519.664062,0.744584,0.549138,0.388053,1.179552,1.000000,0.117882,0.126404,0.053057,0.044981
img_335.jpg,10512.967773,0.647322,0.589637,0.270525,0.751285,1.000000,0.091666,0.071206,0.046143,0.061419
img_336.jpg,6351.675781,0.515182,0.591500,0.198818,1.736860,1.000000,0.055382,0.060195,0.026357,0.015175
img_337.jpg,10869.070312,0.889124,0.531608,0.316990,2.093871,1.000000,0.094771,0.062002,0.068924,0.032917
img_338.jpg,6059.177246,0.756873,0.529417,0.089329,0.898390,1.000000,0.052832,0.042520,0.025050,0.027883
img_339.jpg,6326.345703,0.633210,0.587787,0.211373,1.108965,1.000000,0.055161,0.053705,0.025164,0.022692
img_340.jpg,8598.216797,0.924465,0.500546,0.245562,1.914626,1.000000,0.074970,0.067953,0.045069,0.023539
img_341.jpg,4369.669922,1.118075,0.529398,0.094822,1.661653,1.000000,0.038100,0.021983,0.031356,0.018870
img_342.jpg,6554.599121,0.529663,0.598544,0.174892,1.551942,1.000000,0.057152,0.047079,0.035856,0.023104
img_343.jpg,12175.854492,0.778507,0.539475,0.320321,0.804518,1.000000,0.106165,0.082130,0.053968,0.067081
img_344.jpg,10886.529297,0.766140,0.544679,0.287685,1.963826,1.000000,0.094923,0.084800,0.053050,0.027014
img_345.jpg,9235.729492,0.562876,0.590523,0.251805,0.854756,1.000000,0.080529,0.075291,0.036705,0.042942
img_346.jpg,11485.224609,0.890107,0.521477,0.381374,1.286873,1.000000,0.100143,0.088524,0.054228,0.042139
img_347.jpg,7947.614258,0.758583,0.561882,0.213640,1.265241,1.000000,0.069298,0.058148,0.042214,0.033365
img_348.jpg,13333.978516,0.850462,0.541689,0.358503,1.326110,1.000000,0.116263,0.071984,0.079409,0.059881
img_349.jpg,13789.221680,0.758378,0.547002,0.376500,0.764037,1.000000,0.120232,0.070231,0.071959,0.094183
img_350.jpg,9611.813477,1.091935,0.527696,0.284572,0.911457,1.000000,0.083808,0.059160,0.045577,0.050004
img_352.jpg,9143.683594,1.759374,0.447465,0.260001,1.279403,1.000000,0.079727,0.054251,0.058563,0.045773
img_354.jpg,12360.469727,0.948138,0.527192,0.365479,0.785208,1.000000,0.107775,0.109478,0.040413,0.051468
img_355.jpg,9522.326172,1.031866,0.497597,0.257089,1.510136,1.000000,0.083028,0.049301,0.072350,0.047910
img_356.jpg,13924.513672,1.148264,0.483262,0.357387,1.326942,1.000000,0.121412,0.081616,0.083545,0.062961
img_357.jpg,10519.985352,0.844033,0.545334,0.311506,1.347114,1.000000,0.091727,0.058281,0.064515,0.047892
img_358.jpg,8036.708008,0.944418,0.500878,0.247864,2.276701,1.000000,0.070075,0.050686,0.050681,0.022261
img_359.jpg,4678.720703,1.209022,0.481033,0.074009,1.936134,1.000000,0.040795,0.027405,0.030134,0.015564
img_360.jpg,11800.392578,0.468239,0.604435,0.330409,0.643680,1.000000,0.102891,0.081831,0.042217,0.065587
img_362.jpg,21401.761719,0.890535,0.528618,0.528800,1.307019,1.000000,0.186609,0.112551,0.135359,0.103563
img_363.jpg,16107.478516,1.001783,0.513693,0.386152,1.016677,1.000000,0.140446,0.148385,0.051377,0.050534
img_364.jpg,9678.197266,0.643195,0.579092,0.287641,0.561289,1.000000,0.084387,0.052781,0.034632,0.061700
img_365.jpg,5343.490723,0.980242,0.517040,0.093663,2.256934,1.000000,0.046592,0.034501,0.031669,0.014032
img_366.jpg,9179.541016,0.771973,0.538016,0.249643,1.310215,1.000000,0.080039,0.069368,0.044503,0.033966
img_367.jpg,9319.586914,0.894768,0.535129,0.254604,1.128273,1.000000,0.081260,0.064906,0.042345,0.037530
img_368.jpg,14048.064453,0.950512,0.533618,0.352984,0.628116,1.000000,0.122489,0.098582,0.051495,0.081984
img_369.jpg,8534.501953,0.512014,0.593127,0.234392,1.505650,1.000000,0.074415,0.077573,0.036033,0.023932
img_370.jpg,13595.343750,0.944470,0.537708,0.369332,0.784291,1.000000,0.118542,0.110835,0.048185,0.061438
img_372.jpg,13000.586914,0.806224,0.570269,0.288365,0.926643,1.000000,0.113356,0.112452,0.044569,0.048097
img_373.jpg,6164.120605,1.106636,0.480052,0.114005,1.531550,1.000000,0.053747,0.037911,0.036421,0.023780
img_374.jpg,8390.481445,0.777029,0.526367,0.208915,1.494462,1.000000,0.073159,0.059627,0.045614,0.030522
img_375.jpg,8705.145508,0.471634,0.639347,0.216779,0.702921,1.000000,0.075903,0.060937,0.031411,0.044687
img_376.jpg,9248.644531,0.539470,0.611909,0.263785,0.897704,1.000000,0.080642,0.055725,0.041540,0.046273
img_377.jpg,7167.595215,0.725036,0.550793,0.162912,1.471895,1.000000,0.062496,0.035878,0.045350,0.030810
img_378.jpg,12987.017578,1.026885,0.505830,0.335754,1.016208,1.000000,0.113238,0.125055,0.042687,0.042006
img_379.jpg,11336.197266,1.164296,0.481957,0.304138,0.782550,1.000000,0.098844,0.079902,0.046997,0.060056
img_382.jpg,10769.509766,0.915331,0.522206,0.279463,1.110912,1.000000,0.093903,0.092762,0.042097,0.037894
img_384.jpg,8572.749023,0.548101,0.571872,0.253819,1.109790,1.000000,0.074748,0.058161,0.043835,0.039498
img_385.jpg,12453.349609,0.860489,0.523873,0.323312,1.417764,1.000000,0.108585,0.111711,0.051086,0.036033
img_386.jpg,8051.489258,0.493569,0.574558,0.232378,1.101657,1.000000,0.070203,0.060878,0.036929,0.033522
img_387.jpg,8641.515625,0.479082,0.597653,0.235474,1.064824,1.000000,0.075348,0.065990,0.037415,0.035137
img_388.jpg,12720.596680,1.032456,0.507880,0.369359,1.057227,1.000000,0.110915,0.104595,0.048628,0.045996
img_390.jpg,7609.882324,0.554415,0.563405,0.202497,0.982993,1.000000,0.066353,0.044488,0.038092,0.038751
img_391.jpg,10035.070312,0.759902,0.522992,0.281355,1.105683,1.000000,0.087499,0.055046,0.061409,0.055540
img_392.jpg,7951.685059,0.704929,0.548016,0.199463,1.158664,1.000000,0.069333,0.056215,0.035777,0.030878
img_393.jpg,10210.793945,1.116211,0.502146,0.264753,0.900466,1.000000,0.089031,0.096415,0.036692,0.040747
img_395.jpg,7524.075195,0.807017,0.524281,0.211295,0.924435,1.000000,0.065605,0.044223,0.036896,0.039912
img_396.jpg,6197.130859,0.966143,0.491187,0.137652,1.380025,1.000000,0.054035,0.034316,0.037892,0.027457
img_397.jpg,7686.551758,1.269914,0.470555,0.229248,0.939982,1.000000,0.067021,0.042777,0.038279,0.040723
img_398.jpg,12440.239258,1.074326,0.503595,0.332267,0.671674,1.000000,0.108470,0.092325,0.045120,0.067175
img_399.jpg,9042.059570,0.708842,0.544957,0.240479,0.852518,1.000000,0.078841,0.066806,0.036497,0.042811
img_400.jpg,9477.865234,0.599076,0.567908,0.228646,1.125207,1.000000,0.082640,0.066345,0.046733,0.041533
img_402.jpg,10333.735352,0.939312,0.524155,0.258850,1.188230,1.000000,0.090103,0.083011,0.045412,0.038218
img_403.jpg,8275.738281,0.783559,0.531642,0.231480,0.855139,1.000000,0.072159,0.047756,0.037455,0.043800
img_404.jpg,14232.179688,1.611292,0.454672,0.363177,0.638366,1.000000,0.124095,0.090095,0.052065,0.081559
img_406.jpg,5881.632324,1.092961,0.511755,0.158238,0.754457,1.000000,0.051284,0.022149,0.032434,0.042990
img_407.jpg,7080.777832,0.933310,0.516041,0.146066,1.905798,1.000000,0.061739,0.046205,0.042114,0.022098
img_408.jpg,13259.154297,0.855653,0.533310,0.314218,1.232662,1.000000,0.115611,0.121061,0.051553,0.041823
img_409.jpg,9569.531250,0.643964,0.561237,0.253732,1.423859,1.000000,0.083440,0.073482,0.045309,0.031821
img_410.jpg,8637.492188,1.055201,0.500702,0.215960,2.780140,1.000000,0.075313,0.070852,0.049460,0.017790
img_411.jpg,5533.395996,0.844509,0.520915,0.087385,2.404657,1.000000,0.048247,0.026788,0.044506,0.018508
img_412.jpg,12626.478516,0.803899,0.524375,0.349452,1.039080,1.000000,0.110094,0.069129,0.047545,0.045757
img_413.jpg,7252.120117,0.699655,0.543551,0.205287,1.821060,1.000000,0.063233,0.059325,0.036982,0.020308
img_414.jpg,6502.344727,0.912682,0.527002,0.139544,1.409366,1.000000,0.056696,0.033532,0.047669,0.033823
img_415.jpg,12931.853516,1.394028,0.471189,0.373335,1.030436,1.000000,0.112757,0.097130,0.053975,0.052380
img_416.jpg,8576.625977,0.634881,0.554189,0.231323,1.301869,1.000000,0.074782,0.058986,0.042990,0.033022
img_417.jpg,9845.082031,1.188960,0.469610,0.291626,1.157328,1.000000,0.085842,0.054671,0.048469,0.041880
img_418.jpg,5838.120117,0.711428,0.543405,0.095782,1.238831,1.000000,0.050904,0.035860,0.030136,0.024326
img_419.jpg,12614.128906,1.424337,0.467206,0.369603,0.913533,1.000000,0.109986,0.099792,0.047487,0.051982
img_420.jpg,4163.281738,0.902051,0.520386,0.070618,2.618329,1.000000,0.036301,0.024216,0.031771,0.012134
img_421.jpg,6003.604492,0.717751,0.515949,0.118452,1.622179,1.000000,0.052347,0.039809,0.035766,0.022048
img_422.jpg,3162.924805,1.185336,0.484170,0.047346,1.959571,1.000000,0.027579,0.013987,0.024426,0.012465
img_423.jpg,10675.878906,0.988304,0.505415,0.286211,1.541792,1.000000,0.093086,0.076072,0.055585,0.036052
img_424.jpg,12256.724609,0.625408,0.557144,0.283046,1.064099,1.000000,0.106870,0.092647,0.053917,0.050669
img_427.jpg,3096.524658,1.175923,0.439346,0.066450,1.463486,1.000000,0.027000,0.014068,0.021256,0.014524
img_428.jpg,6795.925781,0.448786,0.572985,0.201181,1.389176,1.000000,0.059256,0.047022,0.037185,0.026768
img_429.jpg,13076.607422,1.357292,0.473703,0.376587,0.931157,1.000000,0.114019,0.099267,0.051100,0.054878
img_430.jpg,6046.210449,0.703096,0.536059,0.121852,1.363549,1.000000,0.052719,0.032845,0.038252,0.028053
img_433.jpg,11295.177734,1.193279,0.494835,0.271912,1.766793,1.000000,0.098486,0.088422,0.054379,0.030778
img_435.jpg,10172.654297,0.921228,0.506956,0.279742,1.158839,1.000000,0.088699,0.076465,0.045846,0.039562
img_438.jpg,9781.255859,0.989229,0.503385,0.246521,1.174616,1.000000,0.085286,0.083346,0.037745,0.032134
img_439.jpg,12330.384766,1.196044,0.484528,0.386509,1.248348,1.000000,0.107512,0.087936,0.055274,0.044278
img_440.jpg,8394.257812,0.674000,0.629072,0.202497,0.741843,1.000000,0.073192,0.052530,0.036144,0.048722
img_443.jpg,5678.585449,0.984875,0.533099,0.140041,1.197147,1.000000,0.049513,0.025586,0.037324,0.031178
img_444.jpg,6051.079102,1.000428,0.525137,0.160418,0.964005,1.000000,0.052761,0.023979,0.035987,0.037331
img_446.jpg,5970.233398,1.098781,0.531888,0.154759,1.055127,1.000000,0.052056,0.023604,0.037422,0.035467
img_449.jpg,12208.824219,1.023669,0.512769,0.281451,1.550644,1.000000,0.106453,0.098907,0.056561,0.036476
img_450.jpg,7588.469727,1.252030,0.493319,0.212010,1.458611,1.000000,0.066166,0.046899,0.042805,0.029347
img_451.jpg,9018.692383,0.757591,0.540416,0.270508,1.449936,1.000000,0.078637,0.065923,0.045234,0.031197
img_452.jpg,11182.604492,0.839487,0.541481,0.257525,0.984764,1.000000,0.097505,0.093464,0.043368,0.044039
img_453.jpg,9725.655273,0.846980,0.536385,0.269775,1.376917,1.000000,0.084801,0.069093,0.050204,0.036462
img_454.jpg,9042.747070,1.206770,0.477282,0.225446,1.191913,1.000000,0.078846,0.072794,0.040958,0.034364
img_455.jpg,10980.697266,0.941327,0.512170,0.306274,1.075802,1.000000,0.095744,0.081919,0.047079,0.043762
img_456.jpg,7077.628906,0.797224,0.541008,0.244411,1.095454,1.000000,0.061712,0.042703,0.035092,0.032034
img_457.jpg,8335.410156,0.962306,0.516179,0.274336,1.194268,1.000000,0.072679,0.055781,0.043628,0.036532
img_458.jpg,11151.347656,0.920388,0.493655,0.314296,1.046750,1.000000,0.097232,0.052575,0.061368,0.058627
img_459.jpg,8668.964844,1.077766,0.503229,0.257350,1.355198,1.000000,0.075587,0.063569,0.040792,0.030101
img_461.jpg,7887.903809,1.266580,0.485842,0.256583,1.187562,1.000000,0.068777,0.059520,0.034072,0.028691
img_462.jpg,11998.808594,1.035643,0.505046,0.307722,0.863595,1.000000,0.104621,0.090525,0.049455,0.057266
img_465.jpg,7920.599609,0.839993,0.536691,0.263585,1.109213,1.000000,0.069062,0.058653,0.037986,0.034246
img_466.jpg,8507.408203,0.922369,0.578085,0.232282,0.949501,1.000000,0.074179,0.055170,0.041997,0.044231
img_467.jpg,12903.288086,1.884867,0.390969,0.396240,0.875849,1.000000,0.112508,0.028052,0.096538,0.110223
img_468.jpg,10267.488281,1.020980,0.509818,0.263105,1.141940,1.000000,0.089525,0.082705,0.046041,0.040318
img_469.jpg,10611.614258,1.079174,0.505924,0.257865,1.850672,1.000000,0.092526,0.086152,0.053543,0.028931
img_470.jpg,8042.534180,0.941924,0.541336,0.266628,1.211713,1.000000,0.070125,0.053617,0.038741,0.031972
img_471.jpg,10816.226562,0.710323,0.553017,0.256993,1.791456,1.000000,0.094310,0.101465,0.051365,0.028672
img_472.jpg,8630.464844,1.003222,0.509205,0.273682,1.041311,1.000000,0.075252,0.067289,0.034974,0.033586
img_473.jpg,9446.766602,1.040839,0.516007,0.275077,1.269103,1.000000,0.082369,0.074702,0.042219,0.033267
img_474.jpg,11620.154297,0.960323,0.516008,0.273028,1.377883,1.000000,0.101320,0.098432,0.050195,0.036429
img_475.jpg,7782.416016,0.697752,0.552528,0.252904,1.148254,1.000000,0.067857,0.050374,0.040567,0.035329
img_478.jpg,8724.220703,0.941114,0.505505,0.233146,1.309339,1.000000,0.076069,0.052575,0.051793,0.039556
img_480.jpg,4296.312012,1.467234,0.439770,0.087123,1.325764,1.000000,0.037461,0.018883,0.029453,0.022216
img_483.jpg,8625.625000,0.813525,0.531282,0.237183,1.557804,1.000000,0.075209,0.059803,0.051099,0.032802
img_484.jpg,11482.058594,1.025626,0.506248,0.279864,1.462183,1.000000,0.100116,0.091151,0.057971,0.039647
img_486.jpg,9386.431641,0.785021,0.534293,0.259931,1.018365,1.000000,0.081843,0.078345,0.037055,0.036387
img_487.jpg,11560.333984,1.031776,0.515168,0.288609,1.096991,1.000000,0.100798,0.092788,0.049690,0.045297
img_488.jpg,7930.162598,0.752382,0.547933,0.256784,1.039412,1.000000,0.069146,0.048982,0.040432,0.038899
img_489.jpg,8732.883789,0.791573,0.542976,0.274606,1.281617,1.000000,0.076145,0.057237,0.048392,0.037758
img_490.jpg,7442.640625,0.779790,0.543010,0.250759,0.949494,1.000000,0.064895,0.050245,0.035828,0.037733
img_493.jpg,9364.041016,1.099673,0.501077,0.253653,1.678129,1.000000,0.081648,0.068017,0.053502,0.031882
img_494.jpg,10895.548828,1.136705,0.500343,0.300119,0.823915,1.000000,0.095002,0.057134,0.053484,0.064914
img_495.jpg,9620.544922,0.813414,0.545796,0.245065,1.476922,1.000000,0.083884,0.087124,0.039187,0.026533
img_498.jpg,7070.798340,1.327483,0.483423,0.195225,1.265476,1.000000,0.061652,0.045447,0.040405,0.031929
img_500.jpg,10932.921875,0.736902,0.570168,0.263777,1.098340,1.000000,0.095328,0.077900,0.053699,0.048891
img_501.jpg,3774.734863,0.806765,0.550203,0.079128,1.154402,1.000000,0.032913,0.022152,0.021426,0.018560
img_502.jpg,7729.574707,0.923683,0.513777,0.248832,1.425775,1.000000,0.067397,0.061169,0.038651,0.027108
img_503.jpg,13873.130859,0.946042,0.524576,0.369149,1.331559,1.000000,0.120964,0.136233,0.050763,0.038123
img_504.jpg,9997.160156,0.796129,0.555540,0.248125,1.059999,1.000000,0.087168,0.081060,0.042384,0.039985
img_505.jpg,7088.861328,1.227592,0.492360,0.155500,1.126143,1.000000,0.061810,0.037159,0.041238,0.036619
img_506.jpg,5610.669434,1.179205,0.469341,0.122140,1.541695,1.000000,0.048921,0.031990,0.036472,0.023657
img_507.jpg,15672.542969,1.414136,0.480709,0.462481,0.796757,1.000000,0.136654,0.055366,0.089399,0.112204
img_508.jpg,17315.724609,1.122632,0.470273,0.389509,1.162579,1.000000,0.150981,0.162474,0.067117,0.057732
img_509.jpg,4749.639648,1.112630,0.535693,0.089329,1.468157,1.000000,0.041414,0.024606,0.031057,0.021154
img_512.jpg,7665.891602,0.608966,0.581816,0.191781,1.086371,1.000000,0.066841,0.038061,0.046190,0.042517
img_513.jpg,9297.458008,1.434164,0.463069,0.260489,1.556569,1.000000,0.081067,0.068260,0.047927,0.030790
img_514.jpg,7561.369141,1.035827,0.505797,0.242388,1.057093,1.000000,0.065930,0.053916,0.039896,0.037741
img_515.jpg,10980.917969,0.723236,0.572223,0.263157,1.162072,1.000000,0.095746,0.081206,0.052499,0.045177
img_516.jpg,5942.290039,1.048247,0.523207,0.130641,1.307973,1.000000,0.051813,0.032893,0.039107,0.029899
img_517.jpg,6103.645996,1.029884,0.510294,0.152030,1.252893,1.000000,0.053220,0.026646,0.044578,0.035580
img_519.jpg,4243.988281,0.736924,0.491326,0.079677,1.438420,1.000000,0.037005,0.020767,0.026824,0.018648
img_520.jpg,7958.662598,0.623990,0.572693,0.219857,0.912197,1.000000,0.069394,0.050468,0.036821,0.040365
img_521.jpg,18650.583984,1.098497,0.496828,0.490156,3.484778,1.000000,0.162620,0.106508,0.150730,0.043254
img_522.jpg,11341.171875,0.731277,0.571771,0.268188,1.058520,1.000000,0.098887,0.084134,0.054413,0.051405
img_525.jpg,13659.646484,0.635272,0.577343,0.365801,1.153830,1.000000,0.119103,0.105160,0.062582,0.054239
img_528.jpg,5509.031738,0.636693,0.566083,0.087254,0.990868,1.000000,0.048035,0.035930,0.028083,0.028342
img_529.jpg,10293.168945,1.123787,0.491208,0.260202,1.263242,1.000000,0.089749,0.081478,0.049326,0.039047
img_530.jpg,6452.275391,1.163122,0.490527,0.114415,1.263366,1.000000,0.056259,0.044583,0.032683,0.025869
img_531.jpg,10708.658203,0.897355,0.527293,0.266113,1.373470,1.000000,0.093372,0.086724,0.048840,0.035559
img_532.jpg,5161.176758,1.361089,0.477650,0.092843,1.468439,1.000000,0.045002,0.036003,0.029182,0.019872
img_533.jpg,4374.685547,1.377799,0.493084,0.095189,0.792143,1.000000,0.038144,0.018081,0.024122,0.030451
img_534.jpg,7922.282715,1.429719,0.477211,0.225289,1.372690,1.000000,0.069077,0.056448,0.040277,0.029342
img_535.jpg,9063.333008,1.938074,0.440905,0.264718,1.144125,1.000000,0.079026,0.043570,0.056946,0.049773
img_536.jpg,8037.473633,0.871984,0.517798,0.252223,1.790439,1.000000,0.070081,0.059718,0.043223,0.024141
img_537.jpg,5460.573730,0.643940,0.545464,0.092948,1.159175,1.000000,0.047612,0.032314,0.032355,0.027912
img_538.jpg,5509.029297,0.593357,0.542769,0.106480,1.350202,1.000000,0.048035,0.033865,0.030822,0.022828
img_539.jpg,11438.135742,0.954648,0.528375,0.302874,1.272852,1.000000,0.099733,0.086396,0.059680,0.046887
img_540.jpg,6056.789062,0.829707,0.528164,0.134957,1.398409,1.000000,0.052811,0.042987,0.034251,0.024493
img_541.jpg,4751.818359,1.482435,0.440110,0.109419,2.214348,1.000000,0.041433,0.030447,0.032426,0.014644
img_542.jpg,4095.959717,0.780084,0.547368,0.099496,1.291692,1.000000,0.035714,0.020311,0.026897,0.020823
img_543.jpg,6292.604980,0.988542,0.509358,0.182242,1.305398,1.000000,0.054867,0.045546,0.031787,0.024351
img_545.jpg,3995.614990,1.088253,0.488499,0.074367,0.874313,1.000000,0.034839,0.018140,0.021210,0.024259
img_546.jpg,13624.929688,1.021551,0.501627,0.521885,0.692065,1.000000,0.118800,0.015457,0.087437,0.126342
img_547.jpg,4938.593262,1.118598,0.500769,0.097316,0.806098,1.000000,0.043061,0.020179,0.027520,0.034140
img_556.jpg,7318.348633,1.205272,0.472352,0.169338,1.365929,1.000000,0.063811,0.048837,0.042262,0.030940
img_557.jpg,6877.270508,0.663598,0.536074,0.178092,1.326682,1.000000,0.059965,0.048065,0.038257,0.028837
img_558.jpg,11621.797852,1.061826,0.498322,0.285165,1.556275,1.000000,0.101334,0.106124,0.049908,0.032069
img_559.jpg,4627.241699,1.011024,0.514068,0.098546,1.410871,1.000000,0.040346,0.027472,0.028558,0.020241
img_561.jpg,6939.280762,0.763540,0.556645,0.178920,1.452781,1.000000,0.060506,0.044518,0.037256,0.025645
img_564.jpg,5244.407227,1.307065,0.454290,0.138375,1.402013,1.000000,0.045728,0.030217,0.030116,0.021481
img_565.jpg,6296.671875,0.851204,0.497485,0.085955,1.262749,1.000000,0.054903,0.044141,0.033072,0.026190
img_566.jpg,8101.500977,1.070552,0.494590,0.233608,1.542836,1.000000,0.070639,0.053777,0.042578,0.027597
img_567.jpg,5336.488770,0.862824,0.534922,0.141872,1.000581,1.000000,0.046530,0.028426,0.029046,0.029029
img_569.jpg,5509.514648,0.778095,0.529821,0.076965,1.173849,1.000000,0.048039,0.038470,0.025792,0.021972
img_570.jpg,9214.418945,1.119833,0.470063,0.268345,0.956537,1.000000,0.080343,0.066104,0.041182,0.043053
img_571.jpg,5220.844727,1.598839,0.419077,0.107169,1.169425,1.000000,0.045522,0.028485,0.031947,0.027319
img_573.jpg,4411.024414,1.310947,0.486574,0.077454,0.893956,1.000000,0.038461,0.018725,0.025760,0.028815
img_574.jpg,8633.422852,1.069460,0.484333,0.239502,1.103993,1.000000,0.075277,0.057420,0.043836,0.039707
img_575.jpg,7076.515137,1.113638,0.504881,0.175790,1.088348,1.000000,0.061702,0.047330,0.035942,0.033024
img_576.jpg,5725.245117,0.997839,0.506567,0.080331,2.373404,1.000000,0.049920,0.037403,0.036784,0.015499
img_577.jpg,8177.780273,0.759805,0.540593,0.208409,0.902060,1.000000,0.071305,0.066115,0.029205,0.032376
img_578.jpg,2390.313721,2.413853,0.400811,0.049220,1.703162,1.000000,0.020842,0.005663,0.020323,0.011933
img_579.jpg,4491.542480,1.239958,0.495116,0.097935,1.727853,1.000000,0.039163,0.025909,0.033819,0.019573
img_581.jpg,7462.706055,1.570740,0.447231,0.198199,0.922306,1.000000,0.065070,0.060425,0.029937,0.032459
img_582.jpg,8432.564453,1.191790,0.471631,0.249895,1.914087,1.000000,0.073526,0.062347,0.045674,0.023862
img_583.jpg,11701.951172,0.804431,0.570487,0.293998,1.135487,1.000000,0.102033,0.087635,0.052908,0.046595
img_585.jpg,5222.932617,1.925113,0.441409,0.117571,1.077680,1.000000,0.045540,0.025409,0.031958,0.029655
img_588.jpg,2039.240967,1.607796,0.439409,0.027056,0.980444,1.000000,0.017781,0.008398,0.012797,0.013052
img_590.jpg,7059.270996,1.089639,0.510842,0.172808,1.157389,1.000000,0.061552,0.042555,0.037412,0.032324
img_593.jpg,6530.903320,0.725006,0.530678,0.167167,1.245106,1.000000,0.056945,0.040041,0.036699,0.029474
img_595.jpg,8443.206055,0.572414,0.576411,0.198094,0.991310,1.000000,0.073619,0.062518,0.036670,0.036991
img_596.jpg,3237.497314,1.214515,0.480812,0.063869,1.438359,1.000000,0.028229,0.012311,0.024242,0.016854
img_598.jpg,5943.845703,0.593271,0.572412,0.139335,1.421049,1.000000,0.051826,0.028422,0.037872,0.026651
img_602.jpg,5065.504395,0.817152,0.518359,0.081273,1.418103,1.000000,0.044168,0.034856,0.027292,0.019246
img_605.jpg,9574.941406,0.842394,0.537034,0.260167,1.323686,1.000000,0.083487,0.080076,0.046876,0.035413
img_606.jpg,5721.273926,0.487745,0.576778,0.077244,1.322251,1.000000,0.049886,0.036493,0.032822,0.024823
img_607.jpg,8215.820312,1.514335,0.469341,0.233817,1.547847,1.000000,0.071636,0.060795,0.040339,0.026061
img_612.jpg,6955.614258,1.029132,0.520062,0.163191,1.217981,1.000000,0.060648,0.050108,0.035886,0.029463
img_614.jpg,8385.222656,0.913815,0.512960,0.237959,1.448254,1.000000,0.073113,0.064613,0.045743,0.031585
img_616.jpg,5326.113281,1.686085,0.444227,0.121015,1.755191,1.000000,0.046440,0.028854,0.034304,0.019545
img_617.jpg,4937.416992,0.871565,0.513546,0.080758,1.590269,1.000000,0.043051,0.027282,0.034485,0.021685
img_620.jpg,4468.885254,0.826278,0.523344,0.113316,1.334936,1.000000,0.038966,0.022142,0.030233,0.022648
img_621.jpg,5306.087891,0.755726,0.505962,0.073068,1.284781,1.000000,0.046265,0.041003,0.023346,0.018171
img_622.jpg,6428.283203,1.227480,0.471152,0.172381,1.227191,1.000000,0.056050,0.045518,0.031096,0.025339
img_624.jpg,8807.377930,0.778966,0.547253,0.216343,1.081310,1.000000,0.076794,0.060556,0.043438,0.040171
img_625.jpg,6461.067383,1.468192,0.465786,0.161996,1.383367,1.000000,0.056336,0.049445,0.032280,0.023334
img_626.jpg,3390.806152,1.560540,0.421678,0.076120,1.201305,1.000000,0.029565,0.013956,0.027143,0.022595
img_627.jpg,4638.310547,1.220161,0.481117,0.096401,1.357590,1.000000,0.040443,0.023352,0.029968,0.022074
img_629.jpg,3761.138184,1.057848,0.520048,0.079721,1.332253,1.000000,0.032795,0.022261,0.022816,0.017126
img_630.jpg,6814.128906,1.029869,0.470931,0.172494,1.213593,1.000000,0.059414,0.051229,0.034108,0.028105
img_631.jpg,3588.992188,1.530809,0.452949,0.071027,1.848582,1.000000,0.031294,0.022160,0.024131,0.013054
img_632.jpg,3495.676270,1.616853,0.455090,0.072920,1.777285,1.000000,0.030480,0.013484,0.030667,0.017255
img_633.jpg,6747.102539,0.956713,0.489168,0.176819,0.981537,1.000000,0.058830,0.033754,0.038210,0.038929
img_634.jpg,3687.238281,1.628113,0.418689,0.072501,1.743639,1.000000,0.032150,0.017742,0.029464,0.016898
img_635.jpg,4098.778320,1.175278,0.469872,0.081796,1.216195,1.000000,0.035739,0.019894,0.025678,0.021114
img_636.jpg,12991.819336,1.677453,0.408007,0.325971,0.593253,1.000000,0.113280,0.065076,0.053610,0.090367
img_637.jpg,6323.263672,0.818287,0.515533,0.145970,0.984477,1.000000,0.055134,0.018696,0.041669,0.042326
img_638.jpg,4862.234863,0.770139,0.529182,0.096688,1.512801,1.000000,0.042395,0.024661,0.030448,0.020127
img_640.jpg,13916.722656,0.828932,0.523797,0.356201,1.436833,1.000000,0.121344,0.090179,0.072385,0.050378
img_641.jpg,17397.683594,1.116855,0.495570,0.450718,0.738183,1.000000,0.151696,0.104579,0.070912,0.096063
img_642.jpg,18428.296875,1.180565,0.475497,0.526045,0.815275,1.000000,0.160682,0.073974,0.109006,0.133705
img_645.jpg,11322.158203,1.110766,0.505214,0.294983,0.833118,1.000000,0.098721,0.075546,0.045850,0.055034
img_647.jpg,15015.678711,0.613968,0.571453,0.350569,0.842278,1.000000,0.130926,0.129901,0.054342,0.064518
img_648.jpg,9115.246094,0.702040,0.564581,0.225603,1.389434,1.000000,0.079479,0.056131,0.055700,0.040088
img_649.jpg,14513.961914,2.045825,0.399350,0.319432,0.717907,1.000000,0.126552,0.113545,0.049788,0.069352
img_650.jpg,16719.986328,1.783746,0.415565,0.438538,0.545052,1.000000,0.145787,0.063846,0.065988,0.121067
img_651.jpg,13705.459961,1.469299,0.447445,0.379639,0.977663,1.000000,0.119502,0.073698,0.076309,0.078052
img_652.jpg,12757.666992,1.548370,0.455756,0.353184,0.762941,1.000000,0.111238,0.067857,0.057605,0.075503
img_654.jpg,13657.014648,0.727853,0.565568,0.363499,0.551740,1.000000,0.119080,0.075384,0.048576,0.088042
img_655.jpg,8466.812500,1.134868,0.468625,0.222089,0.732495,1.000000,0.073825,0.059740,0.041216,0.056268
img_656.jpg,13877.527344,1.073008,0.509529,0.341082,0.945307,1.000000,0.121002,0.087125,0.069630,0.073659
img_657.jpg,12987.964844,1.678625,0.407975,0.324873,0.591489,1.000000,0.113246,0.065297,0.053501,0.090451
img_658.jpg,22424.585938,1.160506,0.478243,0.557077,0.979312,1.000000,0.195527,0.112461,0.130116,0.132865
img_659.jpg,19426.050781,0.975622,0.516866,0.461391,1.038116,1.000000,0.169382,0.126588,0.087857,0.084631
img_661.jpg,12519.121094,0.913685,0.507879,0.333583,1.105278,1.000000,0.109158,0.105076,0.050642,0.045819
img_662.jpg,15378.375977,1.684317,0.425263,0.407593,1.070302,1.000000,0.134089,0.081176,0.090316,0.084384
img_663.jpg,6663.523438,0.825526,0.538529,0.166957,1.577126,1.000000,0.058101,0.044837,0.043799,0.027772
img_664.jpg,16941.371094,1.331749,0.455470,0.428493,1.770061,1.000000,0.147717,0.093825,0.114730,0.064817
img_665.jpg,10061.430664,0.863597,0.506855,0.290850,1.432586,1.000000,0.087729,0.088618,0.038619,0.026958
img_666.jpg,9902.341797,0.585523,0.576432,0.282950,0.670095,1.000000,0.086342,0.057825,0.045114,0.067325
img_667.jpg,12119.417969,0.816659,0.533449,0.306126,1.015201,1.000000,0.105673,0.081009,0.066543,0.065547
img_668.jpg,8492.524414,1.231879,0.482339,0.229571,1.439644,1.000000,0.074049,0.075619,0.035122,0.024396
img_669.jpg,7020.200684,0.653022,0.538132,0.180786,0.999209,1.000000,0.061211,0.049971,0.032281,0.032306
img_670.jpg,12553.406250,1.097132,0.497516,0.369149,1.256154,1.000000,0.109457,0.040062,0.091160,0.072571
img_671.jpg,16257.000977,0.973777,0.515021,0.355966,1.060941,1.000000,0.141750,0.132191,0.064645,0.060932
img_672.jpg,17434.769531,1.648810,0.427886,0.459063,0.862462,1.000000,0.152019,0.083145,0.096283,0.111637
img_677.jpg,12399.638672,0.785133,0.544996,0.344090,0.947222,1.000000,0.108116,0.099869,0.052349,0.055265
img_682.jpg,7893.447754,1.028872,0.488116,0.254848,0.903804,1.000000,0.068825,0.054936,0.034473,0.038143
img_683.jpg,18156.535156,1.107261,0.491860,0.467564,1.003598,1.000000,0.158312,0.098655,0.096694,0.096348
img_687.jpg,12007.712891,0.912204,0.512237,0.361407,0.954361,1.000000,0.104699,0.044275,0.076097,0.079736
img_688.jpg,12168.142578,1.291162,0.470867,0.374948,1.316713,1.000000,0.106098,0.042976,0.097859,0.074320
img_689.jpg,11039.230469,0.623834,0.564270,0.279654,1.341148,1.000000,0.096254,0.095217,0.048166,0.035914
