filename,label
img_001.jpg,raised
img_002.jpg,raised
img_003.jpg,raised
img_004.jpg,raised
img_005.jpg,raised
img_006.jpg,raised
img_007.jpg,raised
img_008.jpg,raised
img_009.jpg,raised
img_010.jpg,raised
img_011.jpg,raised
img_012.jpg,raised
img_013.jpg,raised
img_014.jpg,raised
img_015.jpg,raised
img_016.jpg,raised
img_018.jpg,raised
img_019.jpg,raised
img_020.jpg,raised
img_021.jpg,raised
img_022.jpg,raised
img_023.jpg,raised
img_024.jpg,raised
img_025.jpg,raised
img_026.jpg,raised
img_027.jpg,raised
img_028.jpg,raised
img_029.jpg,raised
img_030.jpg,raised
img_031.jpg,raised
img_032.jpg,raised
img_033.jpg,raised
img_034.jpg,raised
img_035.jpg,raised
img_036.jpg,raised
img_037.jpg,raised
img_038.jpg,raised
img_039.jpg,raised
img_040.jpg,raised
img_041.jpg,raised
img_042.jpg,raised
img_043.jpg,raised
img_044.jpg,raised
img_045.jpg,raised
img_046.jpg,raised
img_047.jpg,raised
img_048.jpg,raised
img_049.jpg,raised
img_050.jpg,raised
img_051.jpg,raised
img_052.jpg,raised
img_053.jpg,raised
img_054.jpg,raised
img_055.jpg,raised
img_056.jpg,raised
img_057.jpg,raised
img_058.jpg,raised
img_059.jpg,raised
img_060.jpg,raised
img_061.jpg,raised
img_062.jpg,raised
img_063.jpg,raised
img_064.jpg,raised
img_065.jpg,raised
img_066.jpg,raised
img_067.jpg,raised
img_068.jpg,raised
img_069.jpg,raised
img_071.jpg,raised
img_072.jpg,raised
img_073.jpg,raised
img_074.jpg,raised
img_075.jpg,raised
img_076.jpg,raised
img_077.jpg,raised
img_078.jpg,raised
img_079.jpg,raised
img_080.jpg,raised
img_082.jpg,raised
img_083.jpg,raised
img_084.jpg,raised
img_085.jpg,raised
img_087.jpg,raised
img_088.jpg,raised
img_089.jpg,raised
img_090.jpg,raised
img_091.jpg,raised
img_092.jpg,raised
img_093.jpg,raised
img_094.jpg,raised
img_095.jpg,raised
img_096.jpg,raised
img_098.jpg,raised
img_099.jpg,raised
img_100.jpg,raised
img_101.jpg,raised
img_102.jpg,raised
img_103.jpg,raised
img_105.jpg,raised
img_106.jpg,raised
img_107.jpg,raised
img_108.jpg,raised
img_110.jpg,raised
img_111.jpg,raised
img_112.jpg,raised
img_113.jpg,raised
img_114.jpg,raised
img_115.jpg,raised
img_116.jpg,raised
img_117.jpg,raised
img_118.jpg,raised
img_119.jpg,raised
img_120.jpg,raised
img_121.jpg,raised
img_123.jpg,raised
img_124.jpg,raised
img_125.jpg,raised
img_126.jpg,raised
img_127.jpg,raised
img_128.jpg,raised
img_130.jpg,raised
img_131.jpg,raised
img_132.jpg,raised
img_133.jpg,raised
img_134.jpg,raised
img_135.jpg,raised
img_136.jpg,raised
img_137.jpg,raised
img_138.jpg,raised
img_139.jpg,raised
img_140.jpg,raised
img_142.jpg,raised
img_145.jpg,raised
img_146.jpg,raised
img_147.jpg,raised
img_148.jpg,raised
img_149.jpg,raised
img_150.jpg,raised
img_151.jpg,raised
img_152.jpg,raised
img_153.jpg,raised
img_155.jpg,raised
img_156.jpg,raised
img_157.jpg,raised
img_158.jpg,raised
img_160.jpg,raised
img_161.jpg,raised
img_162.jpg,raised
img_163.jpg,raised
img_164.jpg,raised
img_165.jpg,raised
img_167.jpg,raised
img_168.jpg,raised
img_169.jpg,raised
img_170.jpg,raised
img_171.jpg,raised
img_172.jpg,raised
img_173.jpg,raised
img_174.jpg,raised
img_175.jpg,raised
img_176.jpg,raised
img_177.jpg,raised
img_178.jpg,raised
img_179.jpg,raised
img_180.jpg,raised
img_181.jpg,raised
img_182.jpg,raised
img_183.jpg,raised
img_184.jpg,raised
img_185.jpg,raised
img_186.jpg,raised
img_187.jpg,raised
img_188.jpg,raised
img_189.jpg,raised
img_190.jpg,raised
img_191.jpg,raised
img_192.jpg,raised
img_193.jpg,raised
img_194.jpg,raised
img_195.jpg,raised
img_196.jpg,raised
img_197.jpg,raised
img_198.jpg,raised
img_199.jpg,raised
img_200.jpg,raised
img_201.jpg,raised
img_202.jpg,raised
img_203.jpg,raised
img_204.jpg,raised
img_205.jpg,raised
img_206.jpg,raised
img_207.jpg,raised
img_208.jpg,raised
img_209.jpg,raised
img_210.jpg,raised
img_211.jpg,raised
img_212.jpg,raised
img_213.jpg,raised
img_214.jpg,raised
img_215.jpg,raised
img_216.jpg,raised
img_217.jpg,raised
img_218.jpg,raised
img_219.jpg,raised
img_220.jpg,raised
img_221.jpg,raised
img_224.jpg,raised
img_225.jpg,raised
img_226.jpg,raised
img_227.jpg,raised
img_228.jpg,raised
img_229.jpg,raised
img_232.jpg,raised
img_233.jpg,raised
img_234.jpg,raised
img_235.jpg,raised
img_236.jpg,raised
img_237.jpg,raised
img_238.jpg,raised
img_239.jpg,raised
img_240.jpg,raised
img_242.jpg,raised
img_243.jpg,raised
img_244.jpg,raised
img_245.jpg,raised
img_247.jpg,raised
img_248.jpg,raised
img_249.jpg,raised
img_250.jpg,raised
img_251.jpg,raised
img_252.jpg,raised
img_253.jpg,raised
img_254.jpg,raised
img_255.jpg,raised
img_256.jpg,raised
img_258.jpg,raised
img_259.jpg,raised
img_260.jpg,raised
img_261.jpg,raised
img_262.jpg,raised
img_263.jpg,raised
img_264.jpg,raised
img_265.jpg,raised
img_266.jpg,raised
img_268.jpg,raised
img_269.jpg,raised
img_271.jpg,raised
img_272.jpg,raised
img_273.jpg,raised
img_274.jpg,raised
img_275.jpg,raised
img_277.jpg,raised
img_278.jpg,raised
img_279.jpg,raised
img_280.jpg,raised
img_281.jpg,raised
img_282.jpg,raised
img_284.jpg,raised
img_285.jpg,raised
img_286.jpg,raised
img_288.jpg,raised
img_289.jpg,raised
img_290.jpg,raised
img_291.jpg,raised
img_292.jpg,raised
img_293.jpg,raised
img_294.jpg,raised
img_295.jpg,raised
img_296.jpg,raised
img_297.jpg,raised
img_298.jpg,raised
img_299.jpg,raised
img_300.jpg,raised
img_301.jpg,raised
img_302.jpg,raised
img_303.jpg,raised
img_304.jpg,raised
img_305.jpg,raised
img_306.jpg,raised
img_307.jpg,raised
img_308.jpg,raised
img_309.jpg,raised
img_310.jpg,raised
img_311.jpg,raised
img_313.jpg,raised
img_314.jpg,raised
img_315.jpg,raised
img_316.jpg,raised
img_319.jpg,raised
img_320.jpg,raised
img_321.jpg,raised
img_322.jpg,raised
img_323.jpg,raised
img_325.jpg,raised
img_326.jpg,raised
img_327.jpg,raised
img_328.jpg,raised
img_329.jpg,raised
img_330.jpg,raised
img_331.jpg,raised
img_332.jpg,raised
img_333.jpg,raised
img_334.jpg,raised
img_335.jpg,raised
img_336.jpg,raised
img_337.jpg,raised
img_338.jpg,raised
img_339.jpg,raised
img_340.jpg,raised
img_341.jpg,raised
img_342.jpg,raised
img_343.jpg,raised
img_344.jpg,raised
img_345.jpg,raised
img_346.jpg,raised
img_347.jpg,raised
img_348.jpg,raised
img_349.jpg,raised
img_350.jpg,raised
img_352.jpg,raised
img_354.jpg,raised
img_355.jpg,raised
img_356.jpg,raised
img_357.jpg,raised
img_358.jpg,raised
img_359.jpg,raised
img_360.jpg,raised
img_362.jpg,raised
img_363.jpg,raised
img_364.jpg,raised
img_365.jpg,raised
img_366.jpg,raised
img_367.jpg,raised
img_368.jpg,raised
img_369.jpg,raised
img_370.jpg,lowered
img_372.jpg,lowered
img_373.jpg,lowered
img_374.jpg,lowered
img_375.jpg,lowered
img_376.jpg,lowered
img_377.jpg,lowered
img_378.jpg,lowered
img_379.jpg,lowered
img_382.jpg,lowered
img_384.jpg,lowered
img_385.jpg,lowered
img_386.jpg,lowered
img_387.jpg,lowered
img_388.jpg,lowered
img_390.jpg,lowered
img_391.jpg,lowered
img_392.jpg,lowered
img_393.jpg,lowered
img_395.jpg,lowered
img_396.jpg,lowered
img_397.jpg,lowered
img_398.jpg,lowered
img_399.jpg,lowered
img_400.jpg,lowered
img_402.jpg,lowered
img_403.jpg,lowered
img_404.jpg,lowered
img_406.jpg,lowered
img_407.jpg,lowered
img_408.jpg,lowered
img_409.jpg,lowered
img_410.jpg,lowered
img_411.jpg,lowered
img_412.jpg,lowered
img_413.jpg,lowered
img_414.jpg,lowered
img_415.jpg,lowered
img_416.jpg,lowered
img_417.jpg,lowered
img_418.jpg,lowered
img_419.jpg,lowered
img_420.jpg,lowered
img_421.jpg,lowered
img_422.jpg,lowered
img_423.jpg,lowered
img_424.jpg,lowered
img_427.jpg,lowered
img_428.jpg,lowered
img_429.jpg,lowered
img_430.jpg,lowered
img_433.jpg,lowered
img_435.jpg,lowered
img_438.jpg,lowered
img_439.jpg,lowered
img_440.jpg,lowered
img_443.jpg,lowered
img_444.jpg,lowered
img_446.jpg,lowered
img_449.jpg,lowered
img_450.jpg,lowered
